Популярные запросы,Kлики,Показы,CTR,Позиция
лечение алкоголизма одесса,11,445,2.47%,4.12
вывод из запоя одесса,11,283,3.89%,3.56
нарколог одесса,11,256,4.3%,8.08
кодировка от алкоголя одесса,9,92,9.78%,20.58
наркологическая клиника одесса,7,292,2.4%,4.78
микродозинг,7,273,2.56%,7.07
алкогольна енцефалопатія,7,199,3.52%,1.64
вывод из запоя на дому одесса,6,277,2.17%,7.44
що відбувається з організмом коли кидаєш пити алкоголь,6,59,10.17%,1.75
паллиативная помощь на дому одесса,6,36,16.67%,5.53
дорослі діти алкоголіків,5,137,3.65%,6.88
кодировка от курения одесса,5,35,14.29%,3.74
габапентинпобил,5,8,62.5%,1.5
месяц без алкоголя,4,48,8.33%,1.29
алкогольна енцефалопатія симптоми,4,48,8.33%,1.75
лудоманія допомога україна,4,37,10.81%,4.41
три недели без алкоголя,4,9,44.44%,1.56
лечение наркомании одесса,3,201,1.49%,4.92
кодирование от алкоголизма одесса,3,145,2.07%,11.39
вда,3,114,2.63%,6.86
мухомор микродозинг,3,97,3.09%,8.19
белая горячка симптомы,3,92,3.26%,6.62
самый эффективный метод лечения алкоголизма,3,74,4.05%,5.92
кокаэтилен,3,53,5.66%,1.77
21 день без алкоголя,3,37,8.11%,4.05
кодирование от алкоголизма одесса цена,3,37,8.11%,12.89
5 день без алкоголя,3,27,11.11%,1.96
кратом,2,194,1.03%,11.8
фантомные боли,2,179,1.12%,10.44
отказ от алкоголя по дням,2,109,1.83%,4.81
синдром отмены алкоголя по дням,2,78,2.56%,6.87
лечение алкоголизма одесса цены,2,69,2.9%,10.23
відмова від алкоголю по дням,2,65,3.08%,4
кратом запрещен в украине,2,61,3.28%,6.18
кратом украина,2,57,3.51%,10.09
що таке детоксикація,2,48,4.17%,4.31
що не можна вживати після кодування від алкоголю,2,48,4.17%,10.12
10 дней без алкоголя изменения,2,31,6.45%,2.26
14 дней без алкоголя,2,31,6.45%,3.9
что будет если бросить пить по дням,2,27,7.41%,3.93
кодирование от курения последствия,2,26,7.69%,5.77
дисульфірамоподібна реакція,2,23,8.7%,6.87
кратом купить одесса,2,19,10.53%,5.74
кратом отзывы,2,18,11.11%,4.33
панические атаки после алкоголя как избавиться,2,17,11.76%,7.53
2 дня без алкоголя,2,16,12.5%,2.75
психиатр одесса,2,15,13.33%,21.27
две недели без алкоголя,2,14,14.29%,5
выход из запоя по дням,2,14,14.29%,7.57
габапентин наркомания,2,13,15.38%,2.77
енцефалопатія алкогольна,2,10,20%,1.4
2 день без алкоголя,2,9,22.22%,2.67
35 дней без алкоголя,2,6,33.33%,3.67
алкоголь и кокаин,2,5,40%,2.4
сухая трезвость это,2,4,50%,1.5
кратом это,1,298,0.34%,10.99
взрослые дети алкоголиков,1,116,0.86%,9.84
алкогольная энцефалопатия,1,113,0.88%,10.27
лечение алкоголизма в одессе,1,95,1.05%,8.91
детоксикация это,1,85,1.18%,7.14
лечение от алкоголизма,1,84,1.19%,27.04
кодування від алкоголізму одеса,1,74,1.35%,13.28
чай кратом,1,72,1.39%,10.42
паллиативная помощь одесса,1,70,1.43%,6.63
лікування алкоголізму в одесі,1,69,1.45%,14.64
кодирование от алкоголизма в одессе,1,68,1.47%,13.66
отказ от алкоголя,1,57,1.75%,8.4
эсциталопрам и алкоголь,1,55,1.82%,5.07
постабстинентный синдром,1,53,1.89%,7.98
узи на дому одесса,1,53,1.89%,9.21
неделя без алкоголя,1,40,2.5%,4.75
таблетки от фантомных болей,1,39,2.56%,6.72
вда это,1,35,2.86%,6.66
кодировка от алкоголизма в одессе,1,34,2.94%,13.24
наркологическая помощь,1,33,3.03%,34.06
как восстановить потенцию после алкоголя,1,32,3.12%,6.84
5 дней без алкоголя,1,30,3.33%,1.33
як відновити мозок після алкоголю,1,30,3.33%,5.87
нарколог одесса поселок котовского,1,30,3.33%,6.43
кратом форум,1,27,3.7%,7.93
місяць без алкоголю,1,26,3.85%,3.38
алкоголь это депрессант,1,26,3.85%,4.73
кратом украина легальность,1,25,4%,4.68
кодировка одесса,1,25,4%,15.64
признаки белой горячки у мужчин,1,24,4.17%,6.54
15 дней без алкоголя,1,23,4.35%,3.65
чи можна вагітним вино,1,23,4.35%,5.04
наркологическая клиника,1,23,4.35%,19.91
7 дней без алкоголя,1,20,5%,1.4
30 днів без алкоголю,1,20,5%,2.7
наркологические клиники одесса,1,19,5.26%,4.37
полный отказ от алкоголя,1,19,5.26%,7.89
лечение наркозависимых,1,19,5.26%,40.84
алкогольна енцефалопатія лікування,1,18,5.56%,2
одесса лечение алкоголизма,1,18,5.56%,5.28
консультация психолога одесса,1,17,5.88%,13.29
корвалол наркотический эффект,1,16,6.25%,4.94
микродозинг это,1,16,6.25%,7.12
клініка довіра київ,1,16,6.25%,9.44
отмена прегабалина симптомы,1,15,6.67%,6.53
кратом это наркотическое вещество или нет,1,15,6.67%,8.6
рево вред,1,14,7.14%,4.64
как закодироваться,1,14,7.14%,7.07
габапентин наркотический эффект,1,13,7.69%,2
фантомные боли лечение,1,13,7.69%,9.15
прл и алкоголь,1,13,7.69%,9.54
налбуфин купить одесса,1,13,7.69%,10.69
вывод из запоя с выездом на дом цена одесса,1,13,7.69%,14.31
антидепрессанты с алкоголем,1,12,8.33%,10.83
три дня без алкоголя,1,11,9.09%,2.36
месяц без алкоголя изменения в организме,1,10,10%,1.4
довіра клініка,1,9,11.11%,6
влияние пива на потенцию,1,9,11.11%,20.56
чи можна вагітним червоне вино,1,8,12.5%,2.12
дисульфирамоподобную реакцию,1,8,12.5%,4.12
частое мочеиспускание после отказа от алкоголя,1,7,14.29%,3.57
амфетамин сульфат,1,7,14.29%,10.43
водка с энергетиком,1,7,14.29%,11.14
27 дней без алкоголя,1,6,16.67%,2
без алкоголя по дням,1,6,16.67%,6.17
как начинается белая горячка,1,6,16.67%,6.17
габапентин - это наркотик,1,5,20%,1.8
антидепрессанты и безалкогольное пиво,1,5,20%,3.6
габапентин зависимость,1,5,20%,3.8
100 днів без алкоголю,1,5,20%,4.4
dovira,1,5,20%,15.2
габапентин наркотик или нет,1,4,25%,1.5
зависимость от вейпа,1,4,25%,3.5
четвертый день без алкоголя,1,4,25%,4.25
лудоманія ддопомога україна,1,4,25%,4.5
корвалол наркотический эффект дозировка,1,4,25%,5
бессонница после отказа от алкоголя,1,4,25%,6.5
пиво и антидепрессанты,1,4,25%,7
паническая атака при похмелье,1,4,25%,8.25
55 дней без алкоголя,1,4,25%,9.25
скрытый алкоголизм,1,4,25%,9.5
аналіз крові на дому,1,4,25%,16.5
габапентин как наркотик,1,3,33.33%,1.33
не пью 5 дней,1,3,33.33%,1.67
можно ли красное вино беременным,1,3,33.33%,3
10 дней без алкоголя что происходит с организмом,1,3,33.33%,3.67
кокаин и алкоголь,1,3,33.33%,4
красное вино при беременности 2 триместр,1,3,33.33%,4
лудоманіія допомога україна,1,3,33.33%,4
отказ от алкоголя по месяцам,1,3,33.33%,5.33
паническая атака с похмелья что делать,1,3,33.33%,6
мухамор микродозинг,1,3,33.33%,7
запой 3 дня,1,3,33.33%,9
делерій,1,3,33.33%,10
психология алкоголика в семье,1,3,33.33%,26.33
что делать если пьяный человек угрожает,1,2,50%,1
алкоголь це депресант,1,2,50%,3
импотенция при алкоголизме,1,2,50%,5.5
почки и пиво,1,2,50%,7
зависимость от габапентина,1,2,50%,7.5
панические атаки после запоя,1,2,50%,7.5
сосудистый делирий,1,2,50%,7.5
нарколога и психиатра,1,1,100%,1
неделя отказа от алкоголя,1,1,100%,1
габапентин является ли наркотиком,1,1,100%,2
срочный,1,1,100%,2
биохимия крови на дому,1,1,100%,3
вино для беременных,1,1,100%,5
лудоманія допомога українаа,1,1,100%,5
психосоматика алкоголизм,1,1,100%,5
сколько длится депрессия после отказа от алкоголя,1,1,100%,6
постабстинентный синдром симптомы,1,1,100%,7
психиатрия одесса,1,1,100%,19
вывод из запоя на дому,0,487,0%,11.78
лечение алкоголизма,0,299,0%,25.39
дисульфирам алкогольная реакция,0,259,0%,2.12
лікування алкоголізму,0,258,0%,52.88
налтрексон при алкоголизме,0,254,0%,10.98
вывод из запоя,0,221,0%,15.56
виведення із запою київ,0,220,0%,35.47
кодирование от алкоголизма,0,219,0%,15.21
кодировка от алкоголя,0,181,0%,16.33
лечение алкогольной зависимости,0,180,0%,39.57
лечение наркомании в одессе,0,170,0%,2.57
наркологічна клініка одеса,0,156,0%,9.8
эффективное лечение от алкоголизма,0,143,0%,9.57
детоксикація,0,134,0%,10.95
вызов нарколога на дом,0,127,0%,35.94
кодировка от алкоголя киев,0,126,0%,50.49
кодирование от алкоголизма киев,0,123,0%,55.21
анонимное лечение наркомании,0,121,0%,28.51
детоксикация,0,117,0%,8.75
антидепрессанты и алкоголь,0,116,0%,10.32
закодироваться от алкоголя киев,0,113,0%,47.49
анонимное лечение алкоголизма,0,112,0%,22.39
лечение алкоголизма анонимно,0,110,0%,21.65
кодування від алкоголю київ,0,109,0%,51.69
детоксикація це,0,108,0%,8.61
подшивание от алкоголизма киев,0,107,0%,53.47
детоксикация от наркотиков цена,0,106,0%,30.65
виклик нарколога додому,0,105,0%,44.08
кодування від наркотиків київ,0,105,0%,47.34
чем опасен неогабин,0,102,0%,7.65
дети алкоголиков,0,99,0%,8.98
кодування від алкоголізму київ,0,97,0%,54.54
кодировка от алкоголизма,0,95,0%,12.26
лечение женского алкоголизма,0,95,0%,36.63
кодування від алкоголізму київ ціна,0,95,0%,58.03
кодирование от алкоголя киев,0,93,0%,51.6
выведение из запоя на дому,0,91,0%,19.22
вызвать нарколога на дом,0,91,0%,29.22
детоксикация от алкоголя,0,91,0%,35.07
кодування за методом довженка київ,0,91,0%,55.65
паллиатив,0,90,0%,8.7
лечение алкоголизма цена,0,90,0%,25.38
фантомная боль это,0,89,0%,8.22
лікування алкоголізму одеса,0,86,0%,16.19
виведення з запою київ,0,85,0%,31.22
кратом чай,0,84,0%,10.42
лечение наркомании анонимно,0,83,0%,16.66
кодирование от наркотиков цены,0,81,0%,34.28
вывести из запоя одесса,0,80,0%,6.59
підшивання від алкоголізму київ,0,79,0%,55.01
микродозинг мухомор,0,77,0%,14.69
кратом наркотик,0,75,0%,10.08
микродозинг мухомора,0,74,0%,8.05
укол дисульфіраму одеса,0,74,0%,16.61
вывод из запоя круглосуточно,0,74,0%,25.62
вивід із запою київ,0,74,0%,38.61
фантомная боль,0,71,0%,9.18
что будет если выпить алкоголь когда принимаешь антидепрессанты,0,71,0%,10.65
выведение из запоев,0,71,0%,37.06
кодировка от алкоголя в киеве,0,70,0%,46.84
лікування алкогольної залежності,0,70,0%,57.33
врач забияка никополь,0,69,0%,26.09
кодировка киев,0,69,0%,45.45
делирия,0,68,0%,8.38
закодироваться от алкоголя в киеве,0,67,0%,46.82
лікування наркоманії одеса,0,66,0%,15.47
кодирование от алкоголизма цена,0,66,0%,43.26
налбуфин это,0,65,0%,15.62
кодіровка від алкоголю київ,0,65,0%,51.46
что происходит с организмом после отказа от алкоголя по дням,0,64,0%,6.52
лечение алкоголизма одесса цена,0,64,0%,11.62
наркодиспансер одесса,0,64,0%,15.23
клиника лечения от алкоголизма,0,64,0%,23.33
кодировка от алкоголя цена,0,64,0%,36.84
лечение от алкоголизма в одессе,0,63,0%,6.05
закодировать от алкоголя,0,63,0%,28.35
кодирование от алкоголя,0,63,0%,29.46
кодирование алкоголизма в киеве,0,63,0%,49.9
лечение алкогольной зависимости в одессе,0,62,0%,2.31
мухоморы микродозинг,0,62,0%,9.34
эффективная кодировка от алкоголизма,0,62,0%,11.52
клиника лечения алкоголизма,0,62,0%,25.19
лечение алкоголизма стационар,0,61,0%,30.92
нарколог на дом в одессе,0,60,0%,9.52
кодирование от алкоголя одесса,0,60,0%,38.42
кодировка від алкоголю ціна київ,0,60,0%,45.05
вывод из запоя цена,0,57,0%,38.05
кодировка от наркотиков,0,57,0%,53.77
белая горячка,0,56,0%,8.82
анонімне лікування алкоголізму,0,56,0%,35.27
детоксикация на дому одесса,0,56,0%,38.43
вивід з запою київ,0,55,0%,9.87
кодирование от наркотиков,0,55,0%,56.35
что такое фантомные боли,0,54,0%,9.43
закодироваться,0,54,0%,11.98
лікування алкоголізму без відома хворого київ,0,54,0%,63.22
наркологический центр в одессе,0,53,0%,4.83
делирий,0,53,0%,9.4
фантомные боли это,0,53,0%,10.11
платная наркологическая клиника,0,53,0%,20.09
узи на таирова,0,53,0%,23.77
лечение алкоголизма в стационаре,0,53,0%,27.53
женский алкоголизм ровно,0,53,0%,31.94
клиника вывести из запоя,0,53,0%,37.09
лечение от алкоголя,0,53,0%,40.68
как бросить амфетамин,0,52,0%,27.73
клиника от алкоголизма,0,52,0%,33.6
закодироваться от алкоголя,0,51,0%,19.57
прокапаться от алкоголя на дому,0,51,0%,20.06
кодирование от алкоголизма на дому,0,51,0%,22.88
лечение алкогольной зависимости одесса,0,50,0%,6.36
лечение наркозависимости одесса,0,50,0%,14.52
капельница от похмелья на дому,0,50,0%,20.46
клиника для алкоголиков,0,50,0%,27.48
женский алкоголизм,0,50,0%,39.52
нарколог на дом одесса,0,49,0%,10.71
кодирование алкоголизма,0,49,0%,24
вывод из запоя дома,0,49,0%,28.35
кодирование алкоголизма ровно,0,49,0%,46.35
лікування від алкоголізму,0,49,0%,51.1
кодировка алкоголизма,0,48,0%,18.35
лечение наркозависимых в одессе,0,47,0%,2.72
дисульфирамоподобные реакции,0,47,0%,7.79
снятие ломки одесса,0,47,0%,22.7
кодировка от алкоголизма киев,0,47,0%,54.09
забор анализов на дому,0,45,0%,22.58
женский алкоголизм лечение,0,45,0%,31.56
кодирование,0,45,0%,47.71
электрокардиограмма в частных клиниках одесса,0,44,0%,14.91
лечение алкоголизма клиника,0,44,0%,24.48
снятие алкогольной интоксикации одесса,0,43,0%,7.49
кодирование от наркотиков одесса,0,43,0%,20.95
анонимная наркологическая помощь,0,43,0%,30.4
детоксикація організму від алкоголю,0,43,0%,47.3
детоксикація організму від наркотиків,0,43,0%,54.51
кратом легальность,0,42,0%,8.02
делірія,0,42,0%,8.69
медикаментозне лікування алкоголізму,0,41,0%,47.37
лечение алкозависимости одесса,0,40,0%,6.9
белая горячка фото,0,40,0%,7
вывод из запоя анонимно,0,40,0%,16.55
консультация психотерапевта одесса,0,40,0%,30.2
узи брюшной полости одесса,0,40,0%,38.2
вызов нарколога,0,40,0%,44.52
подшивание от алкоголизма ровно,0,40,0%,46.95
подшиться от алкоголизма киев,0,40,0%,48.02
рево,0,39,0%,2.59
клиника лечения алкоголизма в одессе,0,39,0%,7.92
как пиво влияет на почки,0,39,0%,8.74
детоксикация в одессе,0,39,0%,21
кодирование от алкоголизма в одессе цена,0,39,0%,24.18
ефективне лікування алкоголізму,0,39,0%,27.44
анонимное кодирование от алкоголизма,0,39,0%,30.9
кодирование от пьянства,0,39,0%,33.77
лечение игромании в одессе,0,39,0%,42.97
клиника кодирования от алкоголизма,0,39,0%,46
частный нарколог на дом,0,39,0%,46.23
кодирование от алкоголя цена,0,39,0%,47.62
лечение зависимости в одессе,0,38,0%,1.95
лечение наркоманов одесса,0,38,0%,10.39
наркологический центр одесса,0,38,0%,12.24
вывод из запоя клиника,0,38,0%,33.42
викликати нарколога додому,0,38,0%,42.37
укол от алкоголизма,0,38,0%,54.68
микродозинг мухоморов,0,37,0%,7.22
одесса кодировка от алкоголизма,0,37,0%,7.32
никотиновая ломка,0,37,0%,9.57
вызов нарколога на дом одесса,0,37,0%,9.59
лікування наркоманії в одесі,0,37,0%,20.16
вывод из запоя с выездом,0,37,0%,23.16
нарколог вывод из запоя,0,37,0%,24.14
клиники лечения от алкоголизма,0,37,0%,25.32
анонимная наркологическая клиника,0,37,0%,30.08
узи органов брюшной полости одесса,0,37,0%,36.03
врач нарколог на дом,0,37,0%,38.19
лечения алкоголизма,0,37,0%,38.92
подшить от алкоголизма,0,37,0%,42.46
кодировка от наркомании,0,37,0%,45.08
центр лечения алкоголизма в одессе,0,36,0%,5.28
алкогольна деменція,0,36,0%,8.36
что такое кратом,0,36,0%,9.72
кратом напиток,0,36,0%,10.03
что такое бар,0,36,0%,10.14
детоксикация одесса,0,36,0%,18.67
нарколог на дом круглосуточно,0,36,0%,20.61
семейная психотерапия при алкоголизме,0,36,0%,23.69
нарколог на дом анонимно,0,36,0%,24.14
лечение алкозависимых,0,36,0%,31.19
лечение от алкогольной зависимости,0,36,0%,34.33
кодировка от алкоголизма цена,0,36,0%,38.11
капельница от похмелья,0,36,0%,38.64
амфетаминовая зависимость,0,36,0%,43.08
приватний нарколог додому,0,36,0%,50.64
клиника детоксикации,0,36,0%,60.25
лечение от наркомании одесса,0,35,0%,2.03
фантомные ощущения,0,35,0%,5.69
лечение алкоголизма одесса бесплатно,0,35,0%,7.46
что такое детоксикация,0,35,0%,8.31
карантин аналізи на дому одеса,0,35,0%,9.37
аналізи на дому одеса,0,35,0%,14.86
анонимное лечение от наркозависимости,0,35,0%,23.14
подшивка от алкоголя киев,0,35,0%,51.46
відновлення організму після алкоголю,0,34,0%,12.47
кодировка от курения,0,34,0%,13.5
капельница от алкоголя на дому,0,34,0%,14.88
аналізи натщесерце додому виїзд,0,34,0%,17.79
кодирование эспераль киев,0,34,0%,28.12
выезд нарколога домой,0,34,0%,29.12
клиника от наркомании,0,34,0%,30.88
уролог одесса,0,34,0%,36.53
виїзд нарколога додому,0,34,0%,38.56
дисульфирам,0,33,0%,9.97
бензодиазепины что это,0,33,0%,10.06
замовити аналізи на дому одеса,0,33,0%,19
врач нарколог цена,0,33,0%,20.85
клиника лечение алкоголизма,0,33,0%,24.45
нарколог на дом,0,33,0%,30.03
клиника лечения алкогольной зависимости,0,33,0%,35.79
медицинская кодировка от алкоголя,0,33,0%,38.67
кодирование алкоголя,0,33,0%,39.36
виклик нарколога додому київ,0,33,0%,42.39
вывод из запоя недорого,0,33,0%,50.82
клиника кодирования от алкоголя,0,33,0%,53.18
медикаментозное кодирование от алкоголизма,0,33,0%,56.09
як відновити організм після алкоголю,0,32,0%,9.03
фантомные боли как избавиться,0,32,0%,9.56
капельница от запоя на дому,0,32,0%,12.91
реабилитационный центр для алкоголиков одесса,0,32,0%,15.94
экг цена одесса,0,32,0%,19.59
які аналізи можна здати вдома з виїздом,0,32,0%,21.69
капельница от запоя на дому круглосуточно,0,32,0%,22.28
клиника алкоголизма,0,32,0%,26.28
кодування еспераль київ,0,32,0%,27.44
клиника лечение от алкоголизма,0,32,0%,29.62
клиника по лечению алкоголизма,0,32,0%,32.06
где можно вшить ампулу от алкоголизма,0,32,0%,37.53
кодирование от наркотиков ровно,0,32,0%,42.06
вывести из запоя в клинике,0,32,0%,45.47
сколько длится синдром отмены прегабалина,0,31,0%,8.26
стационарное лечение алкоголизма,0,31,0%,13.77
аналізи всій родині вдома одеса,0,31,0%,13.9
кодирование двойной блок киев,0,31,0%,16
анонимное лечение от алкоголизма,0,31,0%,19.97
экг одесса,0,31,0%,23.23
клиника лечения зависимостей,0,31,0%,24
амбулаторное лечение алкоголизма,0,31,0%,30.1
клиники лечения наркомании,0,31,0%,30.87
лечение панических атак,0,31,0%,34.74
взяття аналізів на дому одеса,0,31,0%,37.55
узи мочевого пузыря одесса,0,31,0%,39.03
вызов нарколога домой,0,31,0%,40.97
термінові аналізи з виїздом додому ціна,0,31,0%,41.68
здати біохімію додому виїзд,0,31,0%,43.39
лечение игровой зависимости в одессе,0,31,0%,45.16
лечение алкоголизма стоимость,0,31,0%,47.97
алкоголізм лікування,0,31,0%,49.68
центр кодировки от алкоголизма,0,31,0%,58.03
виїзд для забору аналізів у вихідні одеса,0,30,0%,3.37
алкоголь и антидепрессанты,0,30,0%,10.7
кодування торпедо київ,0,30,0%,12.93
эффективное лечение алкоголизма,0,30,0%,13.47
аналізи на дому центр одеси,0,30,0%,15.77
кодирование по методу довженко одесса,0,30,0%,24.2
вывод из запоя цены,0,30,0%,29.2
аналізи вдома таїрова одеса,0,30,0%,30.5
клиника для лечения алкоголизма,0,30,0%,33.2
кодування наркозалежності київ,0,30,0%,35.13
одесса узи брюшной полости,0,30,0%,38.3
поддержка алкоголиков,0,30,0%,39.47
узи почек одесса,0,30,0%,40.67
укол от алкоголизма цена,0,30,0%,44.17
здати всі аналізи не виходячи з дому,0,30,0%,45.07
термінові аналізи на дому,0,30,0%,50.23
аналізи вдома в суботу одеса,0,30,0%,53.33
вывод из запоя в одессе,0,29,0%,5
симода и алкоголь,0,29,0%,7
виїзд для аналізів одеса,0,29,0%,7.86
бар це,0,29,0%,12.28
виведення із запою вдома в одесі,0,29,0%,14.48
глюкоза крові на дому одеса,0,29,0%,16.45
больница одесса куда обратиться для мужчин уролог,0,29,0%,19.97
укол от алкоголизма одесса,0,29,0%,20.59
кодирование от курения,0,29,0%,21.24
кодировка от алкоголя на дому,0,29,0%,22.97
частное узи одесса,0,29,0%,26.97
узи поджелудочной одесса,0,29,0%,28.72
лечение алкоголизма одесса довженко,0,29,0%,30.38
кодирование от алкоголизма одесса по методу довженко,0,29,0%,32.62
аналізи не виходячи з дому одеса,0,29,0%,32.83
узи почек и мочевого пузыря одесса цена,0,29,0%,33.86
аналізи вагітним на дому з виїздом одеса,0,29,0%,34.62
аналізи крові вдома лежачим хворим одеса,0,29,0%,38.83
узи почек одесса цена,0,29,0%,39.48
здати кров вдома одеса,0,29,0%,42.76
закодироваться от алкоголя цена,0,29,0%,45.28
что такое кодирование от алкоголизма,0,29,0%,47.76
кодирование киев,0,29,0%,48.52
экг и консультация кардиолога,0,29,0%,49.21
ранкові аналізи вдома одеса,0,29,0%,52.69
аналізи на дому лузанівка,0,29,0%,54.79
розширені аналізи вдома виїзд,0,29,0%,58.66
сімейні аналізи додому виїзд,0,29,0%,61.34
аналізи на дому суворовський район,0,29,0%,62.38
вечірні аналізи додому,0,29,0%,63.41
аналізи на дому вихідного дня,0,29,0%,68.21
просте лікування алкоголіка й цілої родини,0,28,0%,3.29
месяц без алкоголя таблица,0,28,0%,6.86
наркологическая клиника в одессе,0,28,0%,8.79
центр реабилитации наркозависимых одесса,0,28,0%,12.68
лечение наркозависимости анонимно,0,28,0%,13.46
лечение наркозависимости в одессе,0,28,0%,14.11
кодирование торпедо киев,0,28,0%,14.96
нарколог додому в одесі,0,28,0%,16.79
анонимное лечение алкоголиков,0,28,0%,18.79
клиники лечения алкоголизма,0,28,0%,19.89
урологический осмотр в одессе,0,28,0%,22.29
вывод из запоя в стационаре анонимно,0,28,0%,27.46
консультация психотерапевта в одессе,0,28,0%,27.46
лечение алкоголизма вараш,0,28,0%,29.46
узи почек и мочевого пузыря одесса,0,28,0%,32.29
лікування наркоманії анонімно,0,28,0%,35.39
узи почек цена одесса,0,28,0%,38.86
здати аналізи вдома одеса,0,28,0%,41.75
аналізи вдома стара аркадія,0,28,0%,42.39
кодирование от наркозависимости цена,0,28,0%,42.64
кодировка цена,0,28,0%,46.11
лечение алкогольной зависимости цены,0,28,0%,47.82
сделать экг,0,28,0%,48
аналізи слободка виїзд одеса,0,28,0%,48.86
кодировка от алкоголя ровно,0,28,0%,50.68
біохімія крові вдома одеса,0,28,0%,51.86
получить консультацию уролога,0,28,0%,64.61
як замовити здачу аналізів вдома в одесі,0,28,0%,67.32
лечение от алкоголя одесса,0,27,0%,3.74
3 месяца без алкоголя изменения в организме,0,27,0%,4.96
наркологический диспансер одесса,0,27,0%,12.37
пивной алкоголизм лечение,0,27,0%,19.19
вывод из запоя капельница на дому,0,27,0%,20.37
записаться к кардиологу одесса,0,27,0%,25.11
осмотр у уролога в одессе,0,27,0%,26.96
услуги частного уролога одесса,0,27,0%,27.04
записаться к урологу одесса,0,27,0%,28.3
выезд нарколога на дом,0,27,0%,35.74
прокапаться от алкоголя цена,0,27,0%,35.93
лечение от алкозависимости,0,27,0%,37.81
узи почек в одессе,0,27,0%,41.11
медикаментозное кодирование от алкоголизма цена,0,27,0%,47.63
кодирование от алкоголизма в киеве,0,27,0%,48.85
аналізи додому виїзд,0,27,0%,50.56
кодирование от наркомании,0,27,0%,53.33
регулярні аналізи вдома одеса,0,27,0%,54.67
укол от алкоголя,0,27,0%,58.19
закодировать от алкоголизма,0,27,0%,64.11
підшивка від алкоголізму київ,0,27,0%,68.59
лечение наркоманов в одессе,0,26,0%,2.31
кратом одесса,0,26,0%,3.27
синдром отмены прегабалина,0,26,0%,5
кодировка от наркотиков одесса,0,26,0%,5.19
симптомы белой горячки,0,26,0%,6.81
габа наркотик,0,26,0%,7.12
делірій це,0,26,0%,8.08
центр лечения алкоголизма одесса,0,26,0%,8.77
астресса и алкоголь,0,26,0%,9.81
клиника от алкоголизма одесса,0,26,0%,10.38
нарколог на дом вывод из запоя,0,26,0%,16.69
снятие ломки в одессе,0,26,0%,16.81
центр реабилитации алкоголиков одесса,0,26,0%,21.58
частная наркологическая клиника,0,26,0%,23.35
вывод из похмелья на дому,0,26,0%,29.12
лікування наркоманів одеса,0,26,0%,31.81
лечение наркомании ахтырка,0,26,0%,36.23
психология алкоголика,0,26,0%,42.12
прокапаться от алкоголя,0,26,0%,46.38
экг кардиолог,0,26,0%,52.65
аналізи вдома ціна одеса,0,26,0%,52.85
укол від алкоголізму київ,0,26,0%,58.5
4 дня без алкоголя,0,25,0%,2.6
2 місяці без алкоголю,0,25,0%,7.52
что такое фантомная боль,0,25,0%,8.8
вывод из запоя на дому в одессе,0,25,0%,9
контроль лікування вдома,0,25,0%,9.32
прегабалин синдром отмены сколько длится,0,25,0%,9.96
делірія це,0,25,0%,10.84
бензодиазепины это,0,25,0%,11.68
виведення із запою одеса,0,25,0%,12.16
наркоклиника одесса,0,25,0%,12.84
укол от алкоголизма цена одесса,0,25,0%,13.56
вызвать капельницу от запоя на дому,0,25,0%,18.8
снятие интоксикации на дому,0,25,0%,22.52
забор анализов на дому оболонь,0,25,0%,25.4
выход из запоя на дому,0,25,0%,26.84
детоксикація організму,0,25,0%,31.16
подшиться от алкоголя,0,25,0%,37.56
лечение игромании одесса,0,25,0%,38.64
консультация нарколога анонимно,0,25,0%,38.84
нарколог на дом цена,0,25,0%,39.08
химическая кодировка от алкоголизма,0,25,0%,41.88
аналізи біля дому одеса,0,25,0%,42.52
кодирование наркомании,0,25,0%,43.6
кодировка от табака,0,25,0%,44.2
кодирование от алкоголя боярка,0,25,0%,46.12
детокс от алкоголя,0,25,0%,46.76
сколько стоит закодироваться,0,25,0%,51.96
химическая кодировка от алкоголя,0,25,0%,54.96
химическое кодирование от алкоголизма,0,25,0%,58.6
радіус виїзду для аналізів одеса,0,25,0%,59.2
аналізи додому в неділю,0,25,0%,64
чекап вдома одеса,0,25,0%,67.2
аналізи колективу виїзд одеса,0,25,0%,67.68
аналізи додому молдаванка,0,25,0%,71.32
кодування алкоголізму гіпнозом київ,0,25,0%,82.28
лечение от алкоголизма одесса,0,24,0%,1.92
10 днів без алкоголю,0,24,0%,2.46
алкоголизм лечение одесса,0,24,0%,6.21
діти алкоголіків,0,24,0%,8.67
що таке кратом наркотик,0,24,0%,10.5
лечение наркомании одесса отзывы,0,24,0%,11.17
что такое рецидив,0,24,0%,11.5
капельница на дому от запоя,0,24,0%,12.29
вывод из запоя в стационаре в одессе,0,24,0%,15.67
анонимная помощь наркоманам,0,24,0%,16.42
вывод из запоя на дому круглосуточно,0,24,0%,16.79
консультация нарколога цена,0,24,0%,19.38
анонимный вывод из запоя,0,24,0%,21.25
прием уролога одесса,0,24,0%,28.92
прием у уролога одесса,0,24,0%,29.92
клініка лікування алкоголізму,0,24,0%,32
кодирование наркомании киев,0,24,0%,34.58
помощь нарколога,0,24,0%,35.04
цена кодировки,0,24,0%,38.08
кодировка от наркозависимости цена,0,24,0%,40.21
кодування від алкоголізму в києві,0,24,0%,41.92
кодирование алкоголизма гипнозом киев,0,24,0%,44.79
кодировка наркозависимых,0,24,0%,44.92
кодирование от алкоголизма уколом,0,24,0%,45.96
закодувати від алкоголю київ,0,24,0%,51.92
оформити виїзд аналізи онлайн,0,24,0%,52.92
нарколог круглосуточно,0,24,0%,56.5
стоимость лечения алкогольной зависимости,0,24,0%,57.67
медикаментозная кодирование от алкоголизма,0,24,0%,59.33
ціна забору аналізів вдома,0,24,0%,61.62
декільком особам аналізи додому,0,24,0%,61.71
комплекс аналізів на дому,0,24,0%,73.79
30 дней без алкоголя,0,23,0%,2.09
лечение женского алкоголизма одесса,0,23,0%,3.13
10 дней без алкоголя,0,23,0%,4.96
выведение из запоя одесса,0,23,0%,6.26
панические атаки после алкоголя,0,23,0%,8.48
делірій симптоми,0,23,0%,11.65
нарколог на дом вывод из запоя на дому,0,23,0%,13.52
лікування наркоманії в одесi,0,23,0%,18.13
консультация терапевта одесса,0,23,0%,19.3
реабилитация наркозависимых одесса,0,23,0%,21.35
лечение пивного алкоголизма,0,23,0%,25.78
кодирование алкоголиков,0,23,0%,32.43
вывести из запоя срочно,0,23,0%,32.83
первинна діагностика алкоголізму київ,0,23,0%,40.74
лечение алкоголиков,0,23,0%,46.04
лечение зависимости от алкоголя,0,23,0%,48.74
психотерапевт одесса консультация,0,23,0%,48.87
медикаментозное лечение алкоголизма,0,23,0%,51.78
кодирование наркоманов,0,23,0%,51.83
стоимость кодирования от алкоголя,0,23,0%,56.65
капельница от алкоголя,0,23,0%,66.87
лазерное кодирование,0,23,0%,79.48
лечение от наркомании в одессе,0,22,0%,8.95
циклокс и алкоголь совместимость,0,22,0%,9.59
паллиативное отделение,0,22,0%,10.05
вывести из запоя анонимно,0,22,0%,14.86
лечение алкоголизма гипнозом одесса,0,22,0%,14.91
анонимное лечение от наркомании,0,22,0%,17.14
укол дисульфіраму в одесі,0,22,0%,17.32
анализы на дому,0,22,0%,17.77
анонимное лечение наркоманов,0,22,0%,20.09
стоимость осмотра уролога в одессе,0,22,0%,21.27
детоксикация от алкоголизма,0,22,0%,23.59
запись к урологу одесса,0,22,0%,25.41
кодирование алкоголизма одесса,0,22,0%,33.18
кодирование от игромании в одессе,0,22,0%,38.95
лечение от наркомании цена,0,22,0%,46.59
лечение от алкоголизма боярка,0,22,0%,48.32
аналізи в офіс виїзд одеса,0,22,0%,52.05
смертельная доза рево,0,21,0%,3.1
что делать если выпил алкоголь с антидепрессантами,0,21,0%,5.19
2 месяца без алкоголя изменения в организме,0,21,0%,5.81
можно ли беременным вино,0,21,0%,6.05
кодирование от наркомании одесса,0,21,0%,8.52
врач нарколог одесса,0,21,0%,8.76
фантомные боли после ампутации ноги,0,21,0%,9.52
корвалол и алкоголь,0,21,0%,10.33
подшивка от алкоголизма одесса,0,21,0%,13.1
врач на дом капельница от запоя,0,21,0%,17.95
кодирование от алкоголизма в одессе отзывы,0,21,0%,21.05
вывод из запоя с выездом на дом,0,21,0%,23.67
алкоголизм психиатрия,0,21,0%,25.52
клиника лечения от наркомании,0,21,0%,33.29
клиника алкоголизм,0,21,0%,37
психология алкоголизм,0,21,0%,37.19
стационар для лечения алкоголизма,0,21,0%,39.43
нарколог додому,0,21,0%,40.81
клиника кодирование от алкоголизма,0,21,0%,44.67
вшивание ампулы от алкоголизма цена,0,21,0%,45.29
сделать экг сердца,0,21,0%,47.43
химическое кодирование,0,21,0%,47.48
сколько стоит закодироваться от алкоголя,0,21,0%,48.67
медикаментозная кодировка,0,21,0%,54.57
алкоголизм кодирование,0,21,0%,57.57
киев кодирование от алкоголизма,0,21,0%,58.38
медикаментозная кодировка от алкоголя,0,21,0%,59.19
виїзна служба аналізів,0,21,0%,66.05
лабораторія з виїздом додому,0,21,0%,72
алкогольний делірій це,0,20,0%,5.95
закодировалась,0,20,0%,6.85
антидепрессанты и алкоголь последствия,0,20,0%,9.7
ломка от сигарет,0,20,0%,10.35
одесса лечение наркомании,0,20,0%,10.4
анонимное лечение зависимостей,0,20,0%,14.9
кинути пити,0,20,0%,15.9
виведення із запою вдома одеса,0,20,0%,17.65
кодування від алкоголізму в одесі,0,20,0%,19.95
лечение пивного алкоголизма клиника,0,20,0%,23.25
виведення із запою в стаціонарі в одесі,0,20,0%,23.7
услуги уролога одесса,0,20,0%,28.75
кодирование от алкоголизма одесса по методу довженко цена,0,20,0%,33.65
прерывание запоев,0,20,0%,43.8
кодування від наркоманії київ,0,20,0%,46
лікування від алкоголю,0,20,0%,53.8
лазерное кодирование от алкоголизма цена,0,20,0%,69.85
4 день без алкоголя,0,19,0%,1.84
що відбувається з організмом після відмови від алкоголю,0,19,0%,2.53
клиника кодирования от алкоголизма одесса,0,19,0%,4
довіра,0,19,0%,4.26
алкоголь депресант,0,19,0%,4.74
признаки белой горячки,0,19,0%,5.32
чем опасен дисульфирам,0,19,0%,6.42
кратом в украине,0,19,0%,6.63
алкоголь антидепрессант,0,19,0%,7.42
пиво при простатите,0,19,0%,7.89
торпеда пива это сколько,0,19,0%,8.79
фантомный это,0,19,0%,9.11
дети алкашей,0,19,0%,9.47
кратом что это,0,19,0%,9.79
аналізи 16 років одеса,0,19,0%,14.42
кодирование от алкоголизма цена одесса,0,19,0%,14.58
довіра медичний центр,0,19,0%,16.32
почему женский алкоголизм не лечится,0,19,0%,22.95
прокапаться от алкоголя цены,0,19,0%,24.74
наркологическая помощь на дому,0,19,0%,25.37
лікування наркозалежних в одесі,0,19,0%,26.05
прием уролога одесса цена,0,19,0%,28.42
наркоцентр одесса,0,19,0%,28.63
вывод из запоя стационар,0,19,0%,31.74
вывод из запоя с выездом на дом цена,0,19,0%,32.89
алкоголизм лечение,0,19,0%,33.95
сделать узи одесса,0,19,0%,35.21
анонимно лечение алкоголизма,0,19,0%,36.42
узи в головного мозга в в одессе в каких случаях поовлдится,0,19,0%,37.21
кодирование от алкогольной зависимости,0,19,0%,37.42
помощь алкозависимым,0,19,0%,53
кодировка от алкоголя винница,0,19,0%,57.58
кодировка от алкоголя лазером,0,19,0%,69.63
аналізи на гагаріна плато виїзд,0,19,0%,84.47
габапентин это наркотическое вещество или нет,0,18,0%,4.44
врач нарколог на дом одесса,0,18,0%,8.17
кодирование от алкоголизма в одессе одеса одеська область,0,18,0%,10.28
кодировка от алкоголизма двойной блок,0,18,0%,11.5
сколько стоит закодироваться от алкоголя в одессе,0,18,0%,19.89
лечение наркомании и алкоголизма,0,18,0%,22.83
лікування інтоксикації київ,0,18,0%,22.89
прокапаться на дому,0,18,0%,23
вывод из запоя анонимно недорого,0,18,0%,24.94
прокапать от алкоголя на дому,0,18,0%,26
частный уролог одесса,0,18,0%,32.11
клиника от наркозависимости,0,18,0%,33.17
вызвать наркологическую помощь,0,18,0%,33.33
codarea alcoolica,0,18,0%,33.39
вывод из запоя на дому цена,0,18,0%,35.5
лечения от алкоголизма,0,18,0%,36.72
закодироваться на дому,0,18,0%,42.11
наркологическая помощь круглосуточно,0,18,0%,42.17
лечение алкоголизма дубно,0,18,0%,42.67
лечение наркозависимости,0,18,0%,42.67
химическая блокада алкоголизма,0,18,0%,43.67
закодувати від алкоголю в києві,0,18,0%,47.17
лечение алкоголизма в,0,18,0%,47.28
капельница от похмелья цена,0,18,0%,47.67
помощь в лечении алкоголизма,0,18,0%,48
вызов врача нарколога на дом,0,18,0%,48.44
лечение алкоголизма боярка,0,18,0%,49.72
детоксикація від алкоголю,0,18,0%,51.28
подшивка от алкоголизма киев,0,18,0%,54.22
экг сердца,0,18,0%,56.78
подшиться от алкоголя киев,0,18,0%,66.28
центр детоксикации,0,18,0%,68.33
без алкоголю,0,17,0%,5.65
6 день без алкоголя,0,17,0%,6.76
что такое рево,0,17,0%,7.76
белая горячка это,0,17,0%,8.88
симптомы отмены прегабалина,0,17,0%,9.65
кратомом что это,0,17,0%,10.88
вывод из запоя в стационаре одесса,0,17,0%,11.06
симптомы алкогольной энцефалопатии,0,17,0%,11.47
двойной блок от алкоголизма,0,17,0%,12.71
нарколог в одессе,0,17,0%,12.76
медичний центр довіра,0,17,0%,13.53
выезд на дом капельница от запоя,0,17,0%,14
лудомания лечение зависимости,0,17,0%,14.41
уролог на дом,0,17,0%,14.71
лечение алкоголизма в одессе отзывы,0,17,0%,15.88
кодирование от наркомании в одессе,0,17,0%,17.24
нарколог на дом вывод,0,17,0%,20.88
частная наркологическая помощь,0,17,0%,23.29
повне обстеження здоров'я вдома виїзд,0,17,0%,28.29
консультация уролога в одессе,0,17,0%,29.59
лечение наркомании вараш,0,17,0%,33.88
кодирование от алкоголизма на дому цены,0,17,0%,35.35
ультразвуковое исследование одесса,0,17,0%,36.59
лікування алкоголізму київська область,0,17,0%,37.41
вызвать врача нарколога на дом,0,17,0%,37.88
нарколог домой,0,17,0%,39.47
наркология анонимно,0,17,0%,39.82
лечение от игромании одесса,0,17,0%,40.65
кодирование от алкоголизма цены,0,17,0%,41.41
лечение алкоголизма кодирование,0,17,0%,41.71
лечение наркотической зависимости,0,17,0%,44
кодирование от наркомании киев,0,17,0%,45.65
як лікують алкоголізм,0,17,0%,46
выездная наркология,0,17,0%,47.29
лучшие клиники по лечению алкоголизма,0,17,0%,49.65
кодирование алкоголизма киев,0,17,0%,53.71
кодирование от алкогольной зависимости киев,0,17,0%,55.24
помощь при алкоголизме,0,17,0%,56.29
скорая наркологическая помощь круглосуточно,0,17,0%,57.29
кодування алкоголізму за методом довженка київ,0,17,0%,58.06
как проходит кодирование,0,17,0%,65.53
кодирование от алкоголизма медикаментозное,0,17,0%,74.35
наркологічна допомога,0,17,0%,83.29
вивід із запою,0,16,0%,3
выведение из запоя на дому одесса,0,16,0%,4.81
17 дней без алкоголя,0,16,0%,4.88
делірій,0,16,0%,7.44
влияние алкоголя на потенцию,0,16,0%,7.88
выпил после кодировки и ничего не происходит,0,16,0%,8.88
влияет ли пиво на потенцию,0,16,0%,9.06
крапельниці від тиску,0,16,0%,9.19
можно ли пить алкоголь при антидепрессантах,0,16,0%,9.5
можно ли пить алкоголь когда принимаешь антидепрессанты,0,16,0%,9.94
кодировка на дом,0,16,0%,10.5
что такое белая горячка,0,16,0%,10.56
двойной блок от алкоголя,0,16,0%,10.62
чай наркотик,0,16,0%,10.62
кодирование от алкоголизма двойной блок,0,16,0%,11.19
закодироваться от алкоголя одесса,0,16,0%,12.56
закодировать от алкоголя в одессе,0,16,0%,12.62
анонимное лечение наркозависимости,0,16,0%,12.75
лечение наркомании одесса довженко,0,16,0%,14.31
лечение наркомании в одессе цена,0,16,0%,14.81
лечение алкоголизма гипнозом в одессе,0,16,0%,17.06
стоимость приема уролога в одессе,0,16,0%,22.12
нарколог дом,0,16,0%,24.75
капельница от алкоголя цена,0,16,0%,25.38
консультация уролога одесса,0,16,0%,27.88
клиника наркомании,0,16,0%,29
сдача анализов одесса,0,16,0%,30.62
алкоголизм клиника,0,16,0%,36.19
уролог одесса цены,0,16,0%,38.31
снятие похмельного синдрома,0,16,0%,38.56
кодировка от алкоголизма на дому,0,16,0%,39.25
кодирование от игровой зависимости одесса,0,16,0%,40.31
кодування наркоманії київ,0,16,0%,41.5
лечение алкоголизма вишневое,0,16,0%,41.75
вывод из запоя в больнице,0,16,0%,43.44
лікування наркоманії в клініці,0,16,0%,45.12
избавление от алкоголизма,0,16,0%,45.56
круглосуточная наркологическая помощь,0,16,0%,46.44
очищення організму після наркотиків,0,16,0%,47.75
кодирование от наркотиков хмельницкий,0,16,0%,49.56
наркологическая помощь на дому круглосуточно,0,16,0%,50.38
лікування алкоголізму вараш,0,16,0%,53.31
прокапаться от наркотиков,0,16,0%,54.38
профілактичні аналізи на дому,0,16,0%,56.62
как работает кодирование,0,16,0%,57.06
частная наркологическая клиника одесса,0,15,0%,2.8
корвалол наркотик,0,15,0%,3.47
вывод из запоя кодирование одесса,0,15,0%,4.8
пивной алкоголизм у мужчин,0,15,0%,6.07
4 месяца без алкоголя: изменения в организме,0,15,0%,6.4
что такое микродозинг,0,15,0%,6.53
при антидепрессантах можно пить алкоголь,0,15,0%,8.27
чи впливає пиво на потенцію,0,15,0%,9.07
паллиативная помощь в одессе,0,15,0%,10.07
пивное сердце,0,15,0%,10.47
эффективное кодирование от алкоголизма,0,15,0%,10.8
бензодиазепины,0,15,0%,11.27
симптоми білої гарячки,0,15,0%,11.47
що таке бар,0,15,0%,11.67
алкогольная энцефалопатия симптомы,0,15,0%,15.53
капельница от запоя,0,15,0%,16.27
женский алкоголизм не лечится,0,15,0%,19.6
кодирование эспераль,0,15,0%,19.93
реабилитационный центр для наркозависимых в одессе,0,15,0%,22.53
кодирование алкоголизма вызов на дом,0,15,0%,22.6
нарколог выезд на дом,0,15,0%,25.73
стационар от алкоголизма,0,15,0%,27.93
частная клиника одесса урология,0,15,0%,28.07
клиники по лечению алкоголизма,0,15,0%,28.2
платная наркологическая помощь,0,15,0%,28.47
кодировка от алкоголя отзывы,0,15,0%,31.8
лікування алкоголізму в стаціонарі,0,15,0%,34.27
кодирование от алкоголизма анонимно,0,15,0%,39.33
центр кодирования от алкоголизма,0,15,0%,40.93
лечение алкоголизма цены,0,15,0%,42.13
лечение от пьянства,0,15,0%,42.6
цены на кодирование от алкоголизма,0,15,0%,44.67
лечение для алкоголиков,0,15,0%,44.87
кодирование в одессе,0,15,0%,48.27
кодировка от алкоголя выезд на дом,0,15,0%,49.33
кодирование от алкоголизма в хмельницком,0,15,0%,49.87
выезд нарколога на дом круглосуточно,0,15,0%,52.33
кардіо чек ап одеса,0,15,0%,53.87
аналізи о 7 ранку вдома,0,15,0%,58.6
подшивка от наркомании,0,15,0%,69
групове здачі аналізів вдома,0,15,0%,76.13
записатися на виїзд для аналізів,0,15,0%,83.13
8 дней без алкоголя,0,14,0%,1.43
наркологическая помощь в одессе,0,14,0%,1.71
зависимость от корвалола,0,14,0%,4.79
полезно ли пиво для почек,0,14,0%,6.57
прокапать от алкоголя одесса,0,14,0%,6.57
12 дней без алкоголя,0,14,0%,7.86
кодировка от алкоголизма одесса,0,14,0%,8.07
алкашка женщина,0,14,0%,9.5
могут ли болеть почки от алкоголя,0,14,0%,9.57
наркотик кратом,0,14,0%,9.79
лечение алкоголизма цена одесса,0,14,0%,9.93
депрессия после алкоголя,0,14,0%,10
лудоманія це,0,14,0%,10.86
нарколог одеса,0,14,0%,11
чай кратом это,0,14,0%,11.64
амфетамин одесса,0,14,0%,11.71
кодировка от алкоголя в одессе,0,14,0%,12.57
фантомные боли неврология,0,14,0%,13.21
записаться к психологу одесса,0,14,0%,13.29
лечение фантомных болей,0,14,0%,14.07
красный мухомор микродозинг,0,14,0%,14.29
кодировка от алкоголя в одессе цена,0,14,0%,14.71
лечение алкоголизма стационарно,0,14,0%,15.5
кодировка,0,14,0%,17.36
закодироваться от алкоголизма,0,14,0%,18
частные наркологические клиники,0,14,0%,20.64
кодирование от алкоголя одесса цена,0,14,0%,21.14
цены на вывод из запоя на дому,0,14,0%,28.29
госпитализация алкоголиков,0,14,0%,29
комплексное лечение алкоголизма,0,14,0%,29
хронический алкоголизм лечение,0,14,0%,29.21
клиники от алкогольной зависимости,0,14,0%,29.64
частная урология одесса,0,14,0%,31.57
лечение алкоголизма в клинике,0,14,0%,31.93
где лечат алкоголиков,0,14,0%,32.43
детоксикация алкоголиков,0,14,0%,33.29
помощь при наркомании,0,14,0%,36
лечение алкоголизма на дому,0,14,0%,38.07
наркологическая клиника цены,0,14,0%,38.36
вывод из запоя на дому стоимость,0,14,0%,38.57
лечение игровой зависимости одесса,0,14,0%,40.93
сколько стоит кодировка от алкоголя,0,14,0%,41.43
закодироваться от наркозависимости,0,14,0%,42.5
кодирование от алкоголя тарасовка,0,14,0%,42.86
выведение из запоя цена,0,14,0%,44.21
кодировка от алкоголя анонимно,0,14,0%,45.86
алкозависимость лечение,0,14,0%,46.43
выезд на дом нарколога,0,14,0%,48.71
снятие похмелья на дому,0,14,0%,49.36
анонимная кодировка,0,14,0%,50.07
лікування від алкогольної залежності,0,14,0%,50.43
кодировка от алкоголя стоимость,0,14,0%,50.93
алкоголизм клиника лечение,0,14,0%,51.57
подшивание от алкоголизма,0,14,0%,51.93
частная клиника лечение алкоголизма,0,14,0%,52.07
алкогольная кодировка,0,14,0%,53
кодирование от алкоголизма хмельницкий,0,14,0%,53.21
кодирование от алкоголизма стоимость,0,14,0%,53.71
реабилитация наркозависимых,0,14,0%,54.71
алкоголизм лечение кодирование,0,14,0%,55.29
закодировать алкоголика,0,14,0%,56.07
наркология на дому вызов нарколога,0,14,0%,58.5
амфетаминовая зависимость лечение,0,14,0%,60.64
уколы для кодировки от алкоголизма,0,14,0%,62
прокапаться от похмелья,0,14,0%,63.43
виїзд для аналізів поскот одеса,0,14,0%,64.64
амфетамин при сдвг,0,13,0%,1
третий день без алкоголя,0,13,0%,2.08
наркологическая помощь одесса,0,13,0%,3.85
кодування від алкоголізму,0,13,0%,4
лечение от наркотиков в одессе,0,13,0%,4.15
без алкоголя,0,13,0%,4.46
анализы на дому одесса,0,13,0%,4.54
как алкоголь влияет на сон,0,13,0%,6
лікування канабіноїдних залежності,0,13,0%,6.62
дда україна,0,13,0%,6.85
мухоморов,0,13,0%,7.23
9 дней без алкоголя,0,13,0%,8.38
астресса с алкоголем,0,13,0%,8.54
кодировка в одессе,0,13,0%,9.08
стационар лечение алкоголизма,0,13,0%,9.15
кратом наркотик?,0,13,0%,9.23
бензодіазепіни,0,13,0%,9.38
чому жіночий алкоголізм невиліковний,0,13,0%,9.54
наркология одесса,0,13,0%,9.69
фантомные боли лечение народными средствами,0,13,0%,9.69
алкоголь с антидепрессантами последствия,0,13,0%,10.38
лечение наркозависимых одесса,0,13,0%,10.54
никотиновая ломка симптомы,0,13,0%,10.92
кодирование от курения одесса,0,13,0%,15
закодироваться это,0,13,0%,15.23
как пиво влияет на потенцию,0,13,0%,16.69
как отойти от лирики в домашних условиях,0,13,0%,17.08
анонимные наркоманы одесса,0,13,0%,17.15
кодирование одесса,0,13,0%,18.23
прокапатся на дому,0,13,0%,21.77
наркологическая клиника стоимость,0,13,0%,22.46
прокапаться от алкоголя одесса,0,13,0%,25.38
капельница от алкоголя одесса,0,13,0%,26
лечение от созависимости,0,13,0%,26.38
лучшая кодировка от алкоголизма,0,13,0%,31.08
стоимость лечения от алкоголизма,0,13,0%,32.31
помощь наркозависимым одесса,0,13,0%,32.69
лечение алкогольная зависимость,0,13,0%,33.85
лечение алкоголизма у женщин,0,13,0%,37
реабилитация наркомании одесса,0,13,0%,37.54
центры кодирования от алкоголизма,0,13,0%,38.69
клиника наркозависимых,0,13,0%,39.62