гинеколог добро,1
добробут,1
добромед гинеколог,1
консервативне лікування,1
медичний центр добромед,1
dobromed,2
gynecologist,2
амк классификация palm coein,2
бактериальный вагиноз,2
гениколог,2
гинеколог,2
гинеколог добромед,2
гинеколог одесса консультация,2
гінеколог,2
добромед лікарі,2
добромед цены,2
нужно ли направление к гинекологу,2
бактериальный вагіноз симптомы,3
где можно сделать прививку от впч,3
лобковые,3
молочница,3
молочница симптомы,3
полип 7 мм в матке,3
я вылечила полип матки,3
амк это,4
добро клиника,4
добро мед,4
добромед запись к врачу,4
к гинекологу нужно направление,4
клиника добромед,4
выскабливание матки больно ли это,5
гинекологические анализы тайирова,5
добромед телефон,5
добромед ціни,5
консервативная гинекология это,5
надо ли бриться перед гинекологической операцией,5
нужно ли направление к гинекологу украина,5
плановый осмотр,5
прививка от впч одесса,5
гинекологический осмотр на таирова,6
добромед,6
маточное кровотечение после алкоголя,6
может ли полип в матке пройти сам,6
palm-coein,7
добромед врачи,7
добромед фото,7
к гинекологу надо бриться,7
можно ли носить ежедневки каждый день,7
гинеколог одесса таирова,8
гинеколог таирова,8
гистероскопия,8
гистероскопия -- это больно,8
гистероскопия это больно,8
гонорея это,8
могут ли полипы в матке пройти сами,8
полип в матке может сам выйти,8
почему нельзя носить ежедневки каждый день,8
palm coein,9
аборт одесса,9
гинеколог эндокринолог одесса,9
гистероскопия цена одесса,9
гістероскопія це боляче,9
дисплазия 3 степени после конизации,9
добромед відгуки,9
как попасть к гинекологу без записи,9
как часто нужно менять ежедневные прокладки,9
нужно ли бриться перед гинекологом,9
нужно ли бриться перед походом к гинекологу,9
нужно ли подмываться перед походом к гинекологу,9
палм коин,9
пап тест на какой день цикла,9
полипы рассасываются,9
рецидивирующий кандидоз,9
стоимость приема гинеколога в одессе,9
что такое гонорея,9
гістероскопія -- це боляче,10
диагностическое выскабливание,10
ежедневные прокладки вред,10
"кабінет жіночого здоров'я ""перлина"" відгуки",10
надо ли бриться перед походом к гинекологу,10
нужно ли брится перед походом к гинекологу,10
обязательно ли бриться перед походом к гинекологу,10
обязательно ли чтоб вае было гладко перед походом к гинекологу?,10
радиоволновая конизация шейки матки,10
с чем можно спутать молочницу,10
стоимость осмотра гинеколога в одессе,10
частная клиника одесса гинекология,10
частный гинекологический центр,10
аборт одеса,11
аборт таирова,11
алкоголь задерживает месячные,11
анальные вши,11
анонимный аборт,11
биопсия сроки готовности,11
бриться перед гинекологом,11
вакцина от впч одесса,11
вакцинация от впч цена,11
влияет ли алкоголь на месячные,11
врач гинеколог эндокринолог,11
вред кок,11
вред от кок,11
вредно ли носить ежедневки каждый день,11
вши на гениталиях,11
вши на письке,11
гардасил 9 одесса,11
гарднерелла и молочница отличия,11
гинеколог таирово,11
гинекологические анализы таирова,11
гистология в гинекологии,11
гистология гинекология,11
добро клиник,11
ежедневные прокладки вред или польза,11
зачем нужны ежедневные прокладки,11
как алкоголь влияет на месячные,11
как влияет алкоголь на месячные,11
как отличить бак вагиноз от молочницы,11
как отличить молочницу от баквагиноза,11
как отличить молочницу от бактериального вагиноза,11
как часто надо менять ежедневные прокладки,11
клиника добро,11
клиника консервативной гинекологии и репродукции,11
клубничная шейка матки,11
кольпотомия это,11
консервативная гинекология одесса,11
лобковие вши,11
лобковые вши,11
лобковые вши на ресницах,11
лобковые вши у женщин,11
медикаментозний аборт,11
медикаментозный аборт одесса,11
может ли алкоголь влиять на месячные,11
может ли алкоголь повлиять на месячные,11
может ли быть задержка из за алкоголя,11
может ли быть перхоть на лобке,11
можно ли бриться перед гинекологом,11
можно ли делать прививку от впч во время месячных,11
можно ли записаться к гинекологу без направления,11
можно ли записаться к гинекологу без терапевта,11
можно ли к гинекологу не бриться,11
можно ли носить ежедневные прокладки каждый день,11
можно ли попасть к гинекологу без записи,11
можно ли прийти в женскую консультацию без записи,11
молочница и баквагиноз,11
надо ли брится перед гинекологом,11
нмц это,11
нужно ли бриться к гинекологу,11
обязательно бриться к гинекологу,11
обязательно ли брится перед гинекологом,11
одноразовые пеленки к гинекологу,11
посткастрационный синдром,11
посткастрационный синдром у женщин,11
почему нельзя носить прокладки каждый день,11
сделать вакцину от впч,11
сделать медикаментозный аборт одесса,11
скрытый дефицит железа,11
узи щитовидной железы гемотест,11
фтириаз лечение,11
цитология и гистология в гинекологии,11
чем вредны ежедневные прокладки,11
что будет если носить ежедневки каждый день,11
что можно перепутать с молочницей,11
выскабливание при гиперплазии эндометрия,12
гистология в гинекологии это больно,12
гіперполіменорея,12
гістерорезектоскопія відгуки,12
интимная жизнь после родов,12
как отличить молочницу от бактериального,12
лечение параметрита,12
может ли быть задержка от алкоголя,12
нужно ли подмываться перед гинекологом,12
плановый осмотр гинеколога что включает,12
уходит ли дисплазия после конизации,12
фтириаз,12
хламидиоз одесса,12
цитологический метод это,12
что такое гистология в гинекологии,12
бактериальный вагиноз это молочница,13
где сделать аборт в одессе,13
гинеколог-эндокринолог одесса,13
добромед днепр,13
как отличить выделения от молочницы,13
лобковые вши симптомы фото,13
лобковые вши чем лечить,13
молочница и баквагиноз одновременно,13
половые вши,13
проходимость маточных труб цена одесса,13
с чем можно спутать молочницу у женщин,13
впч високого ризику + цитологія,14
гистология это больно,14
кок вред,14
лечение рецидивирующей молочницы,14
параметрий матки это,14
платная клиника гинекология,14
побочки от кок,14
польза кок,14
прижигание эрозии шейки матки последствия,14
сухость влагалища после родов,14
частная гинекология,14
аденомиоз и беременность,15
боли в груди перед месячными,15
врач гинеколог одесса,15
женская консультация таирово,15
лапароскопия одесса цена,15
молочница рецидивирующая лечение,15
на какой день цикла сдавать пап тест,15
параметрит лечение,15
полип в матке,15
сколько стоит аборт в одессе,15
аденомиоз после родов,16
в какой день цикла делать узи малого таза,16
вагинопластика одесса,16
медицинский центр гинекологии,16
можно ли прийти к гинекологу без записи,16
почему болят груди перед месячными,16
что такое лобковые вши,16
анальная вошь,17
гинекология одесса,17
гинекология частная клиника,17
гистероскопия больно или нет,17
добромед вакансии,17
консультація гінеколога,17
нужно ли лечить эрозию шейки матки,17
почему болит грудь перед месячными,17
раздельное выскабливание полости матки,17
раздельное диагностическое выскабливание цена,17
аборт цена одесса,18
гистероскопия восстановление,18
как улучшить мазок перед походом к гинекологу,18
лапаротомия это,18
лобковые вши симптомы,18
подготовка к пап тесту,18
получить консультацию гинеколога,18
раздельное диагностическое выскабливание матки,18
соскоб матки под наркозом,18
соскоб матки цена,18
фтириаз это,18
хирургический аборт одесса,18
бесплодие лечение одесса,19
болит грудь перед месячными,19
вульвит цена,19
выскабливание эндометрия цена,19
гистероскопия в одессе,19
как попасть к гинекологу в поликлинике,19
конизация шейки матки при дисплазии 3 степени,19
кровотеча після втрати невинності,19
лапаротомия,19
лечебно диагностическое выскабливание,19
оперативная гинекология одесса,19
параметрия матки,19
раздельное выскабливание,19
раздельное диагностическое выскабливание полости матки,19
лечение бесплодия в одессе,20
осмотр гинеколога после месячных,20
прививка от впч,20
раздельно диагностическое выскабливание,20
реабилитация после гистероскопии,20
рекомендации после гистероскопии,20
стоит ли прижигать эрозию шейки матки,20
убрать полип без операции,20
вакцина от впч,21
гинеколог одесса,21
гистероскопия одесса,21
гистология в гинекологии это,21
гистология матки как проводится,21
диагностические выскабливания полости матки,21
параметрит,21
перед походом к гинекологу что нельзя делать,21
сколько стоит аборт одесса,21
удаление миомы матки цена одесса,21
больница гинекологическая,22
вакцина впч,22
врач гинеколог-эндокринолог,22
гистероскопия гистерорезектоскопия,22
гінеколог без запису,22
лечение бесплодия одесса,22
почему ежедневки вредны,22
узи грудей в одессе,22
уплотнение в груди перед месячными,22
гинекологическая клиника одесса,23
гистерорезектоскопия реабилитация,23
диагностическое выскабливание полости матки,23
кок в гинекологии,23
лапароскопия в гинекологии цена одесса,23
эрозия кольпоскопия,23
одесса гинекологическая клиника,24
операция диагностическое выскабливание,24
абсцесс бартолиновой железы операция,25
бартолинит консервативное лечение,25
выскабливание полости матки цена,25
выскабливание стенок полости матки,25
диагностическое выскабливание полости матки стоимость,25
лапаротомия в гинекологии,25
параметрит гинекология,25
сколько стоит вакцинация от впч,25
стоимость выскабливания матки,25
выскабливание матки цена,26
где можно сделать прививку от рака шейки матки,26
гсг маточных труб цена,26
диагностика сальпингоофорита,26
когда можно идти к гинекологу после месячных,26
кольпоскопия эрозии шейки матки,26
патология шейки матки одесса,26
сургитрон одесса,26
цитологические методы исследования,26
аномальное маточное кровотечение это,27
биопсия из полости матки,27
гинеколог раз в год,27
гинекология больница,27
гинекология в одессе,27
конизация шейки матки при дисплазии,27
лапароскопия и гистероскопия,27
лечение патологии шейки матки в одессе,27
прививка от впч где сделать,27
узи молочных желез одесса,27
цитологические исследования в гинекологии,27
эстетическая гинекология в одессе,27
эстетическая гинекология одесса,27
вульвит диагностика,28
выскабливание матки стоимость,28
диагностическое выскабливание цервикального канала и полости матки,28
конус при дисплазии шейки матки,28
лапаротомия и лапароскопия,28
методы цитологических исследований,28
сколько стоит прививка от впч,28
узи молочной железы одесса,28
бактеріальний вагіноз молочниця,29
выскабливание шейки матки,29
где сделать прививку от рака шейки матки,29
гинекологическая клиника в одессе,29
можно ли идти к гинекологу в последний день месячных,29
можно ли сразу после месячных идти к гинекологу,29
нмц лечение,29
плановый осмотр у гинеколога,29
частный гинеколог одесса,29
вакцина от впч где сделать,30
впч прививка цена,30
выскабливание эндометрия,30
гинекология одесса цены,30
польза и вред ежедневных прокладок,30
сколько стоит прививка от рака шейки матки,30
узи поджелудочной одесса,30
укол от впч,30
частная гинекология одесса,30
що таке гістологія в гінекології,30
аднексит диагностика,31
аднексит сальпингоофорит,31
вакцина впч стоимость,31
вакцинация впч стоимость,31
вакцинация от впч стоимость,31
гистология в гинекологии как проводится,31
клиника для женщин,31
лапароскопия в гинекологии миомы матки,31
можно ли идти к гинекологу сразу после месячных,31
параметрий,31
прививка от рака шейки матки цена,31
сколько стоит вакцина от рака шейки матки,31
узи молочных желез одесса цена,31
эрозия,31
вакцина против рака шейки матки цена,32
вакцинация от впч в украине,32
лечение зппп,32
лечение опущения матки в одессе,32
операция выскабливание полости матки,32
прокладки на каждый день,32
сделать прививку от папилломы,32
стоимость прививки от рака шейки матки,32
цена прививки от рака шейки матки,32
что такое кок,32
альгодисменорея гинекология,33
вакцина от рака шейки матки,33
вакцинация от гриппа одесса,33
впч вакцинация цена,33
гинекологическая клиника,33
гинекологический осмотр в одессе,33
гистероскопия одесса тенистая,33
гнойные выделения у женщин,33
инъекционные контрацептивы,33
когда нужно идти к гинекологу после месячных,33
прививка впч цена,33
прицельная биопсия,33
частная клиника гинекологии,33
чем остановить маточное кровотечение,33
через сколько после месячных можно идти к гинекологу,33
базовые анализы у гинеколога,34
болят соски перед месячными,34
вакцина против рака шейки матки,34
вакцинация рак шейки матки,34
выскабливание полости матки,34
где сделать вакцину от рака шейки матки,34
конизация при дисплазии 3 степени,34
лечим эрозию шейки матки,34
операция по удалению перегородки в двурогой матке,34
прививка от впч сделать,34
экг показания,34
эрозия на шейке матки,34
впч вакцина стоимость,35
впч прививка,35
консультация гинеколога одесса,35
консультація гінеколога одеса,35
офисная гистероскопия без наркоза,35
планирование зачатия одесса,35
прививка от впч цена,35
расширенная кольпоскопия шейки матки,35
санация перед гистероскопией,35
схтб лечение,35
узи кишечника в одессе,35
узи органов брюшной полости норма,35
услуги гинеколога одесса,35
эрозия лечится,35
як проводиться чистка матки,35
аномальные маточные кровотечения,36
вакцина против впч,36
вакцинация впч цена,36
гинекологические клиники цены,36
кольпоскопия эрозия шейки матки,36
лечение зппп у женщин,36
методы цитологического исследования,36
можно ли идти к гинекологу в последние дни месячных,36
осмотр у гинеколога в одессе,36
прививка вирус папилломы человека цена,36
прием гинеколога одесса,36
прием у гинеколога одесса,36
сделать прививку от впч,36
узи желчного пузыря одесса,36
узи молочных желез клиника,36
цитологическое исследование в гинекологии,36
що потрібно мати з собою на прийом до гінеколога,36
бактериальные инфекции у женщин,37
вакцина впч цена,37
вакцинация против впч цена,37
вульвиты,37
когда идти к гинекологу до или после месячных,37
кольпоскопия показания,37
кольпоскопия шейки матки,37
сколько стоит вакцина от впч,37
сколько стоит вакцина против рака шейки матки,37
узи печени одесса,37
услуги частного гинеколога одесса,37
хроническая молочница,37
большая эрозия шейки матки,38
вакцина от впч в украине,38
гистерорезектоскопия подготовка к операции,38
консультация гинеколога в одессе,38
одесса гинеколог,38
одесса гинекология,38
подготовка к беременности в одессе,38
радиоволновое лечение аппаратом сургитрон одесса,38
тянущие боли в пояснице перед месячными,38
цена выскабливания при гиперплазии,38
эрозии шейки матки лечение,38
эрозия шейки матки лазерное лечение,38
аномальное кровотечение матки,39
записаться к гинекологу одесса,39
запись к гинекологу одесса,39
как остановить маточное кровотечение,39
когда после месячных можно идти к гинекологу,39
лапаротомия операция,39
лечение эрозии матки,39
обследование внутренних органов,39
узи молочных желез,39
узи органов брюшной полости одесса,39
эрозия шейки матки чем опасна,39
бактериальные инфекции виды,40
впч вакцина,40
гсг стоимость,40
киста яичника узи,40
когда лучше идти к гинекологу после месячных,40
лапароскопия кисты яичника цена одесса,40
лечение амк,40
лечение инфекций передаваемых половым путем,40
лечение при эрозии шейки матки,40
лобковые вши откуда берутся,40
маточное кровотечение как остановить,40
одесса узи брюшной полости,40
синдром тазовой боли лечение,40
узи внутренних органов одесса,40
чем лечить эрозия шейки матки,40
абсцесс бартолиновой железы вскрытие,41
биопсия тканей матки,41
вакцинация впч,41
вульвит гинекология,41
вши лобковые,41
выскабливание под контролем гистероскопии,41
где пройти обследование на бесплодие,41
гинеколог одесса цены,41
гсг маточных труб,41
комплексное иммунологическое исследование,41
лапароскопия гинекология,41
лечение щитовидной железы в одессе,41
параметрит це,41
узи брюшной полости одесса,41
узи молочной железы,41
электрокардиограмма,41
вскрытие бартолинита,42
гонококковые инфекции,42
лазерная эстетическая гинекология,42
лечение от эрозии шейки матки,42
менструальные боли,42
осмотр гинеколога цены,42
прививка впч,42
сколько стоит поход к гинекологу,42
узи органов брюшной полости цена одесса,42
физиотерапия при аднексите,42
аденомиоз народное лечение,43
выскабливание матки сколько лежать в больнице,43
гинеколог одесса цена,43
гінекологія одеса,43
инъекция контрацепция,43
клиника гепатита c,43
лапаротомии,43
подготовка к зачатию одесса,43
сколько стоит прививка от папилломы,43
сколько стоит прижигать эрозию,43
эстетическая гинекология процедуры,43
аномальное маточное кровотечение лечение,44
бартолинит операция цена,44
гистеросальпингография,44
гістологія в гінекології,44
киста симптомы,44
лапароскопия гистероскопия,44
лапароскопия цена одесса,44
лечение вульвита,44
лечение эрозии шейки матки,44
лечения эрозии,44
медикаментозное лечение эрозии шейки матки,44
миома в матке,44
прививка от папилломавируса человека,44
прием гинеколога одесса цена,44
радиоволновое лечение гинекологических заболеваний в одессе,44
узи брюшной полости,44
узи брюшной полости цена одесса,44
эрозия шейки лечение,44
эрозия шейки матки лечение,44
бактериальный вагіноз это молочница,45
вакцинация от впч взрослым,45
как получить направление к гинекологу,45
лечение хронической тазовой боли,45
лечение эрозии,45
лобковые вши как избавиться,45
мизопростол відгуки,45
миома матки,45
может ли из за алкоголя быть задержка месячных,45
можно ли делать экг при месячных,45
надо ли бриться перед гинекологом,45
прививка от впч цена одесса,45
узи органов брюшной полости,45
цитология методы исследования,45
через сколько дней после месячных можно идти к гинекологу,45
чистка шейки матки,45
чистка эндометрия матки,45
аномальное маточное кровотечение,46
вакцина рак шейки матки цена,46
вакцинация от впч,46
вредны ли ежедневные прокладки,46
гинекология цитологическое исследование,46
грудь перед месячными,46
гістеросальпінгографія,46
диагностическое выскабливание полости,46
интимный плазмолифтинг одесса,46
лечение эрозия шейки матки,46
лобковая вошь,46
лобковые вши у женщин симптомы,46
молочница или баквагиноз,46
почему болят соски перед месячными,46
прививка от вируса папилломы человека стоимость,46
прививка от папилломавируса,46
с чем можно перепутать молочницу,46
свечи от бартолинита,46
сколько стоит прививка от папилломавируса,46
чем отличается бак вагиноз от молочницы,46
чем отличается молочница от баквагиноза,46
экг,46
эндометриоз цена,46
добромед послуги,47
лазерная коррекция стенки влагалища одесса,47
можно ли лечить гепатит с при беременности,47
одеса гінеколог,47
пришла к гинекологу,47
фтириаз фото,47
шейки матки эрозия лечение,47
вакцина вирус папилломы человека цена,48
выскабливание матки,48
диагностика герпеса генитального,48
диагностическое выскабливание полости матки когда делать,48
замораживание шейки матки,48
конизация шейки матки под местным наркозом,48
лабіопластика одеса,48
миома матки симптомы,48
папилломавирус гинекология лечение,48
прививки от папиллом,48
прижигание шейки матки азотом,48
синдром хронической тазовой боли лечение,48
эрозия шейки матки операция,48
виды кист яичника,49
вскрытие абсцесса бартолиновой железы цена,49
осмотр ребенка гинекологом,49
признаки кисты яичника у женщин,49
сальпингоофорит протокол лечения,49
тазовые боли лечение,49
узи щитовидки одесса,49
через какое время после месячных можно идти к гинекологу,49
абсцесс правой бартолиновой железы,50
биопсия матки,50
вакцинация от папилломавируса человека,50
где сделать прививку от впч,50
конизация цена,50
лечение бартолиновой железы,50
прививка против папилломы человека,50
сделать прививку впч,50
узи на таирова,50
хронические тазовые боли лечение,50
цена конизации шейки матки,50
экг диагностика,50
экг и кардиограмма,50
эрозия шейки матки лечение лазером цена,50
виды кист яичников,51
гонококковая инфекция,51
гсг цена,51
клиника впч,51
клиника диагностики бесплодия,51
лабиопластика одесса,51
лечение эрозии шейки матки отзывы,51
обследование гинеколога,51
прививка впч стоимость,51
цитологический мазок гинекология,51
амк гинекология,52
бартолинова железа воспаление,52
воспаления бартолиновой железы,52
гинекологические центры,52
конизация шейки матки стоимость,52
лапаротомия реабилитация,52
лечение тазовой боли,52
молочница хроническая,52
омолодження жіночих статевих органів,52
остановить маточное кровотечение,52
посткастраційний синдром,52
прививка от папилломы вируса,52
сделать прививку от вируса папилломы,52
узи щитовидки цена одесса,52
частная гинекологическая клиника,52
частные гинекологические клиники,52
анализ экг,53
биопсия яичника,53
вакцина от папилломавируса,53
внутриматочное кровотечение,53
герпес генитальный лечение у женщин,53
гинекологический центр,53
гинекология цены,53
дисфункциональные маточные кровотечения,53
клиники гинекологии,53
клініка добро,53
конизация шейки матки цена,53
лечение дмк,53
обследование у гинеколога,53
прививка от впч взрослым,53
профилактический осмотр для женщин,53
удаление эрозии лазером цена,53
узи щитовидной железы одесса,53
больница гинекологии,54
выскабливание эндометрия матки,54
дермоидная киста яичников,54
иммунологическое исследование,54
консультация гинеколога,54
обязательно бриться перед гинекологом,54
операция двурогой матки,54
папилломавирус гинекология,54
узи щитовидной железы одесса цена,54
узи щитовидной железы цена одесса,54
хламідіоз гінекологія,54
хроническая тазовая боль лечение,54
биопсия шейки матки цена одесса,55
герпес гинекология лечение,55
гинеколог частная клиника,55
гінекологічна клініка,55
кандида альбиканс лечение у женщин,55
клиника лечения эндометриоза,55
конизация шейки,55
кровотечение из матки,55
лазерная конизация шейки матки,55
лапаротомія за пфанненштилем,55
операция эрозия шейки матки,55
узи диагностика молочной железы,55
цена вакцины от рака шейки матки,55
экг анализ,55
как остановить кровотечение из матки,56
кольпоскопия в одессе,56
конизация шейки матки клиника,56
коррекция половых губ одесса,56
кровотечения гинекология,56
лечение бесплодия клиника,56
лечение маточного кровотечения,56
лечение синдрома хронической тазовой боли,56
признаки кисты,56
узи брюшной полости одесса цена,56
узи печени одесса цена,56
электрокардиограмма сердца,56
эрозия шейки матки замораживание,56
эстетическая лазерная гинекология,56
боли при месячных диагноз,57
вульвит лечение,57
где можно сделать прививку от вируса папилломы человека,57
где сделать вакцину от впч,57
гинекологические исследования,57
гістеросальпінгографія це,57
как вылечить эрозию шейки матки без прижигания,57
лечение эндометрит,57
маточное кровотечение сгустки,57
пластическая гинекология,57
прививка от папилломавируса цена,57
привиться от впч,57
сколько дней болит живот при месячных,57
удаление бартолиновой железы цена,57
узи на молочные железы,57
цена операции эндометриоза,57
эрозией шейки матки,57
эстетическая гинекология,57
впч в гинекологии,58
выскабливания полости матки,58
как остановить маточное кровотечение в домашних условиях,58
кольпоскопия одесса,58
консультация врача гинеколога,58
лапароскопия в гинекологии реабилитация,58
лечение вульвагинита,58
маточные кровотечение,58
миомы в матке,58
остановка маточного кровотечения,58
помощь при маточном кровотечении,58
прививка папилломавирус цена,58
прививки от папилломавирусной инфекции,58
цитологический метод,58
через скільки часу можна йти в туалет після свічки,58
абсцесс бартолиновой железы,59
анализы гинекология цитология,59
быстрая остановка маточного кровотечения,59
выскабливания матки,59
гистеросальпингография подготовка,59
гінеколог ендокринолог одеса,59
женские клиники,59
лечебно диагностическое выскабливание полости матки,59
подготовка к гистеросальпингографии,59
сальпингоофорит лечение,59
шейки матки эрозия,59
экг с описанием,59
эстетический гинекология,59
анализ на атипичные клетки гинекология,60
вагинальное кровотечение,60
вакцинация от папилломы,60
вирус папилломы гинекология,60
гистеросальпингография цена,60
замораживание эрозии,60
клініка гінекології,60
лечение вульвовагинита,60
маточное кровотечение лечение,60
очень сильные боли при месячных,60
чи потрібно направлення до гінеколога,60
экг сердца,60
боль во время месячных,61
вакцина от эрозии шейки матки,61
выскабливание,61
дисфункциональное маточное кровотечение,61
кардиограмма сердца,61
клиника гинекологии,61
лечение эрозии без прижигания,61
узи молочная железа,61
боль в пояснице перед месячными причины,62
конус шейки матки цена,62
кровотечение маточное,62
лапароскопия кисты яичника подготовка,62
миомы матки симптомы,62
пластические операции в гинекологии,62
подготовка к зачатию анализы,62
почему больно во время месячных,62
прививка от папилломавируса взрослым,62
прием у гинеколога,62
признаки маточного кровотечения,62
причины маточного кровотечения,62
проверка гинеколога,62
эрозия на шейки матки,62
вакцина против папилломы,63
вирус папилломы гинекология лечение,63
вирус папилломы человека в гинекологии,63
диагностика нарушений менструального цикла,63
жіноча консультація одеса,63
как выглядят лобковые вши,63
лапароскопия органов малого таза,63
может ли само остановиться маточное кровотечение,63
первая помощь при маточном кровотечении,63
пластика половых губ в одессе,63
пластическая хирургия в гинекологии,63
половые инфекции трихомониаз,63
прививка против рака шейки матки цена,63
прививки от папилломавируса цена,63
цитологические исследования,63
эрозия матки шейки,63
эрозия шейки матки лазером цена,63
болезнь миома,64
вакцина от вируса папилломы,64
истинная эрозия шейки матки,64
кровотечение при месячных,64
лечение абсцесса бартолиновой железы,64
лечение при бартолините,64
острый сальпингоофорит лечение,64
процедура выскабливания матки,64
цена прививки от впч,64
эрозии шейки матки,64
анализ пцр в гинекологии,65
вирус папилломы человека гинекология,65
выскабливание при гиперплазии эндометрия цена,65
герпес гинекологический,65
герпес гинекология,65
диагностика генитального герпеса,65
кисты яичников,65
кровотечение у женщины,65
лазер эрозия,65
лапароскопия стерилизация женщин,65
лечение при маточном кровотечении,65
нарушение менструального цикла обследование,65
обильное кровотечение в середине цикла,65
подготовка к лапароскопии гинекология,65
почему сильные боли при месячных,65
цитология в гинекологии,65
частная гинекология кропивницкий,65
эрозия шейки матки из за чего,65
аномальные маточные кровотечения гинекология,66
боли при месячных,66
вакцинация вируса папилломы человека,66
внутреннее кровотечение матки симптомы,66
восстановление эндометрия,66
диагностическая чистка матки,66
иммунологические анализы,66
лапароскопия матки и яичников,66
лечение герпес генитальный,66
лечение тазовых болей,66
миома матки операция цена,66
прививка от вируса папилломы,66
прививка от впч если уже есть вирус,66
прививка от впч стоимость,66
сбой менструального цикла лечение,66
схтб,66
удаление лазером эрозии шейки матки,66
хронический кандидоз,66
цитологический,66
цитологическое исследование,66
цитология гинеколог,66
эрозия шейки матки лечится,66
эрозия шм,66
гинеколог проверка,67
гинекология выскабливание,67
доброкачественная миома матки,67
клиника аднексита,67
кольпоскопия кисты шейки матки,67
лапароскопия кисты матки,67
лапароскопия при эндометриозе,67
лапаротомия миомы,67
лечение при миоме матки,67
лечить эндометрит,67
маточное кровотечение из за стресса,67
маточное кровотечение причины,67
миомы матки,67
нарушение менструального цикла,67
осмотр гинеколога цена,67
подготовка к лапароскопии яичника,67
показания к выскабливанию полости матки,67
признаки миомы матки,67
прийом гінеколога ціна,67
хронические тазовые боли,67
выворот шейки матки лечение,68
генитальный герпес гинекология,68
гистеросальпингография что это,68
кандидозу женщин,68
кольпоскопическое исследование шейки матки,68
кольпоскопия цервикального канала,68
конизация шейки матки операция,68
кровотечения матки,68
лечение эрозии лазером,68
маточное кровотечения,68
менструальная боль,68
почему больно при месячных,68
прививка от вируса папилломы человека где сделать,68
частные клиники гинекологии,68
чем остановить кровотечение при месячных,68
вакцинация против папилломы человека,69
вульвита,69
герпес лечение генитальный,69
гинекологична клиника,69
гистеросальпингография матки,69
женский генитальный герпес,69
конизация шейки матки,69
кровотечение в середине цикла со сгустками,69
кровотечения по женски,69
лапароскопия диагностика,69
лечение истинной эрозии шейки матки,69
матки миома,69
маточное кровотечение,69
месячные боли,69
прививка вирус папилломы человека,69
проведение экг,69
стоимость конизации шейки матки,69
узи поджелудочной,69
эффективное лечение герпеса генитального,69
вакцина папилломавирус,70
вакцинация вирус папилломы человека,70
вакцинация от папилломы человека,70
вакцинация папилломавируса человека,70
вульвиты это,70
диагностическое выскабливание показания,70
кисты в яичниках,70
лечение генитального герпеса,70
лечение при гонореи,70
лечение сальпингоофорита,70
операция конизация шейки матки,70
операция конус шейки матки,70
прививка от впч женщинам,70
симптомы миомы матки,70
узи на щитовидку,70
хронический эндометрит гистероскопия,70
что показывает цитология в гинекологии,70
щитовидка узи,70
эрозию шейки матки,70
вакцинация впч что это,71
вакцинация от впч киев,71
выскабливание гистероскопия,71
злокачественная миома матки симптомы,71
консультация у гинеколога,71
лечение консервативное,71
маточные кровотечения,71
менструация боль,71
миома матка,71
нужно ли брать пеленку к гинекологу,71
прививка от впч киев,71
прививка от папилломы вируса человека,71
прививка от рака шейки матки куда делают,71
прицельная биопсия шейки матки,71
синдром хронической тазовой боли,71
цитология гинекология,71
эндомиометрит лечение,71
эрозия шейки,71
бактериальные инфекции,72
вакцина от папиллом,72
вакцина от папилломы,72
иммунологический анализ крови,72
киста в яичнике,72
конус шейки матки,72
лечение дисфункционального маточного кровотечения,72
лечение острого аднексита,72
лечение от трихомониаза у женщин,72
лечение при гонореи у женщин,72
маточные кровотечения лечение,72
удаление эрозии шейки матки лазером цена,72
узи щитовидка,72
узи щитовидной железы,72
хламидиоз диагностика,72
чем лечится гонорея у женщин,72
вагинальная грибковая инфекция,73
внутреннее кровотечение в матке,73
впч прививка стоимость,73
вылечить генитальный герпес,73
выскабливание гинекология,73
гистеросальпингография киев,73
гистеросальпингография противопоказания,73
диагностика в гинекологии,73
дисфункциональное маточное кровотечение лечение,73
женский хламидиоз,73
киста яичников,73
кистоз яичников,73
лазер эрозия шейки матки,73
лечение маточных кровотечений,73
менструальное кровотечение,73
миома удаление,73
невралгия малого таза лечение,73
остановить кровотечение при месячных,73
симптомы маточного кровотечения,73
чем лечат эрозию шейки матки,73
что такое эстетическая гинекология,73
бесплодие клиника,74
вакцина папилломы человека,74
вакцинация против папилломавируса,74
исследование шейки матки кольпоскопом,74
как лечат эрозии шейки матки,74
конизация,74
конусная операция шейки матки,74
конусное иссечение шейки матки,74
кровотечение в менопаузе,74
лечение бесплодия у женщин,74
матка миома,74
миома матки что это,74
пластика гинекологическая,74
прививка от папилломы человека,74
стоимость прививки от впч,74
центр лечения эндометриоза,74
эрозия шейки матки опасно ли,74
вирус папилломы в гинекологии,75
гинекологические лапароскопические операции,75
гинекология нарушения менструального цикла,75
гинекология эндометрит,75
ерозия шейки матки,75
кисты яичника,75
клиника женского здоровья,75
кровотечение матки,75
лазер эрозия шейки матки цена,75
лечения генитального герпеса,75
одесский эндокринологический центр,75
операция выскабливание матки,75
подготовка к диагностической гистероскопии,75
прием гинеколога цена,75
признаки миома матки,75
сильные боли при месячных,75
спазмы при месячных,75
хроническая молочница лечение,75
что такое миома матки и чем она опасна,75
эрозия шейка матки,75
аблация шейки матки,76
аднексит клиника,76
гинекологическая пластика,76
гормональный метод контрацепции,76
грибы рода candida лечение,76
деструкция эрозии шейки матки,76
консервативная терапия,76
кровотечение при климаксе,76
кровотечения у женщин,76
куда делают прививку от папилломы,76
лазерная вапоризация эрозии шейки матки,76
лапароскопия малого таза,76
лапароскопия матки,76
обследование шейки матки,76
операция бартолинит,76
прививка от рака шейки матки где сделать,76
сбой цикла лечение,76
хламидиоз клиника диагностика лечение,76
хроническая тазовая боль,76
что такое экг,76
эрозия шейки матки кольпоскопия,76
вакцина от рака шейки матки цена,77
вакцины от вируса папилломы человека,77
выделения при эрозии шейки матки,77
гардасил от чего,77
генитальный герпес диагностика,77
гистероскопия оперативная,77
кровотечения маточные,77
лечение болей при менструации,77
лечение женских половых инфекций,77
лечение сальпингоофорит,77
лечение трихомониаз у женщин,77
лечение хронической молочницы,77
операция конизация,77
острый аднексит симптомы,77
сальпингоофорит аднексит,77
трихомониаз лечение у женщин,77
удаление папиллом одесса под глазом,77
эрозия шейки матки,77
вирус папилломы прививка,78
записаться на консультацию к гинекологу,78
запись на приём к гинекологу,78
киста на яичнике,78
лапароскопическая метропластика,78
лапароскопия женских органов,78
лечение сбоя менструального цикла,78
нарушение цикла лечение,78
подготовка к гистероскопии матки,78
синдром спкя лечение,78
стоимость приема гинеколога,78
хламидии у женщины симптомы,78
чистка матки при эндометриозе,78
впч вакцинация мужчин,79
генитальным герпесом,79
гинеколог кропивницкий цены,79
гинекология нарушение менструального цикла,79
как понять что у тебя кровотечение а не месячные,79
кисты в яичнике,79
кольпоскопия диагнозы,79
конизация эрозии шейки матки,79
кровотечение при менопаузе,79
лапароскопия яичников восстановление,79
лечение аднексита,79
лечение от эндометриоза,79
маточный кровотечение,79
медицинский центр гинекология,79
менструальный сбой,79
острый аднексит лечение,79
папилломавирус прививка,79
прививка от рака шейки матки,79
процедура гсг,79
синдром тазовой боли,79
сколько стоит конизация шейки матки,79
хламидии у женщины,79
чем опасна миома матки,79
эндометриоз шейки матки,79
эрозия шейки матки лечение лазером,79
аднексит лечение,80
болит вагина при месячных,80
вскрытие абсцесса бартолиниевой железы,80
вульвовагенит лечение,80
гинекология биопсия шейки матки,80
диагностика гонореи,80
как восстановить сбой месячных,80
лапароскопия в гинекологии показания,80
маточное кровотечение при климаксе,80
миома матки узи,80
миому матки,80
сбой цикла менструации,80
стоимость узи брюшной полости одесса,80
узи щитовидки,80
эрозия матки лечение,80
эрозия шейки матки это,80
эффективное лечение аднексита,80
анализ на цитологию в гинекологии,81
внутреннее кровотечение матки,81
гиперплазия матки выскабливание,81
гонорея половые инфекции,81
заморозить эрозию шейки матки,81
кольпоскопия шейки,81
конизация стоимость,81
кровотечение в матке,81
лапароскопия в гинекологии под наркозом,81
лапароскопия в гинекологии противопоказания,81
лапароскопия по гинекологии,81
лечение дисфункциональных маточных кровотечений,81
оперативное лечение в гинекологии,81
очень сильные спазмы при месячных,81
платные гинекологические клиники,81
препараты для лечения аднексита,81
прививка от вируса папилломы человека,81
прийом гінеколога одеса,81
цитология анализ гинекология,81
анализ у гинеколога на цитологию,82
гинекологическое исследование,82
гинекология кропивницкий цены,82
гиперплазия эндометрия лечение выскабливание,82
диагностика эрозии шейки матки,82
заболевание аднексит,82
киста яичнике,82
конизация матки,82
консервативное лечение бесплодия,82
кровотечения маточные дисфункциональные,82
лапароскопия в гинекологии удаление кисты,82
лапароскопия шейки матки,82
маточная кровотечение,82
нужно ли подмываться перед кольпоскопией,82
операция миомы матки,82
сбой менструации,82
удалить эрозию шейки матки,82
цена узи одесса,82
эндометрит диагностика лечение,82
аднексит симптомы лечение,83
анализ на биопсию матки,83
анализ на молочницу у женщин,83
види кіст яєчників,83
внутреннее кровотечение у женщин,83
впч 39 тип лечение,83
вскрыть абсцесс бартолиновой железы,83
гинекологические пластические операции,83
гинекологическое кровотечение,83
гонорея лабораторная диагностика,83
иммунологическое исследование крови,83
как у женщин проявляется гонорея,83
кровотечение по женски,83
кіста яєчника лікування,83
лазерное лечение эрозии шейки матки,83
лечение дисплазии шейки матки цена,83
операция дисплазия шейки матки цена,83
операция конизация шейки матки цена,83
поликистоз яичников гинекология,83
прививка против вируса папилломы человека,83
раздельное диагностическое выскабливание цервикального канала и матки,83
узи матки одесса,83
узи по записи одесса,83
экг кардиограмма,83
эстетическая гинекология сделать,83
биопсия из матки,84
биопсия полости матки,84
вульвита это,84
выскабливание матки без наркоза,84
гонококки у женщин,84
киста яичники,84
кисты на яичниках,84
лапароскопическая операция в гинекологии,84
лапароскопия кисты яичника шрамы,84
лечение бесплодия бесплатно,84
планирование беременности одесса,84
пластичні хірурги естетичної гінекології,84
поликистоз яичников лечится,84
помогает ли конизация шейки матки,84
прижигание дисплазии шейки матки,84
симптомы хламидиоза у женщин,84
удаление дисплазии шейки матки цена,84
узи щитовидный железы,84
узи яичников одесса,84
хламидиоз методы лечения,84
эндометриоз шейки матки лечение,84
эрозия шейки матки удаление,84
влагалищное узи в одессе,85
дрожжевой грибок у женщин,85
запись на консультацию к гинекологу,85
кист яичника,85
киста на яичники,85
косметическая гинекология,85
лапароскопия для беременности,85
лечение кровотечения матки,85
лечение эктропиона шейки матки,85
причины кровотечений у женщин,85
пцр тест гинекология,85
сбой цикла месячных лечение,85
сколько стоит прививка от папилломы человека,85
удаление яичников лапароскопия,85
узи одесса цена,85
чем лечить аднексит,85
шейка матки эрозия,85
эрозия шейки матки лазером,85
бесплодие неясного генеза у женщин,86
гинекологическая лапароскопия,86
гинекология эстетическая,86
гистероскопия лапароскопия одновременно,86
гормональные методы контрацепции,86
иссечение шейки матки,86
как делается кольпоскопия шейки матки,86
как нормализовать цикл месячных,86
кандидоз женский лечение,86
кольпоскопия при месячных,86
кровотечение маточное лечение,86
менструальний цикл порушення,86
сальпингоофорит клиника,86
сколько стоит операция конизация шейки матки,86
хламидиоз симптомы у женщин,86
экг это,86
эрозия шейки матки удаление лазером,86
анализ на цитологию гинекология,87
кисты на яичнике,87
конусование шейки матки,87
конусовидное иссечение шейки матки,87
лечение аднексита у женщин,87
лечение хронического аднексита,87
лечить аднексит,87
медикаментозное лечение аднексита,87
методы контрацепции для женщин,87
ациклическое кровотечение,88
биопсия в гинекологии,88
вульвите,88
диагностическое выскабливание полости матки отзывы,88
заморозка эрозии шейки матки,88
киста в яичниках,88
лечение женского бесплодия,88
малоинвазивная хирургия в гинекологии,88
миома матки диагностика,88
миома матки операция,88
можно ли делать биопсию во время месячных,88
плановые операции в гинекологии,88
признаки хламидиоза у женщин,88
цитологический анализ,88
эстетическая гинекология это,88
восстановление менструального цикла,89
все виды контрацепции,89
выделения из влагалища,89
выскабливание матки после родов,89
грибковая инфекция,89
диатермоконизация шейки матки,89
дрожжевая инфекция у женщин,89
как лечит эрозия шейки матки,89
кровотечения при месячных,89
лапароскопия удаление кисты яичника,89
операция миома матки,89
операция по удалению эрозии шейки матки,89
рентгеновская гистеросальпингография,89
сальпінгоофорит лікування,89
узи внутренних органов,89
хламидиоз лечиться,89
что такое контрацептивы,89
эксцизия и конизация шейки матки,89
гинекологические клиники,90
гистероскопия удаление вмс,90
инъекционная интимная пластика одесса,90
как появляется хламидиоз у женщин,90
кольпоскопия перед месячными,90
кольпоскопия при эрозии шейки матки,90
миома лечение,90
нарушения цикла менструации,90
обильные кровотечения,90
петлевая конизация шейки матки,90
пластическая хирургия гинекология,90
пцр гинекология,90
биопсия гинекология,91
естетична гінекологія клініка,91
конус шейки матки цена киев,91
лапароскопия гинекологическая,91
лапароскопия при аденомиозе,91
лечение при аднексите,91
менструальный цикл нарушение,91
миома в матке лечение,91
одесса эндокринологический центр,91
прививка от папилломы,91
хронический аднексит симптомы и лечение,91
электроконизация шейки матки,91
анализ по гинекологии,92
дисплазия шейки матки операция,92
кровотечение матки лечение,92
лазерное вагинальное омоложение одесса,92
лапаро и гистероскопия,92
миома матки это,92
ок контрацепция,92
сбой менструального цикла,92
хламидии диагностика,92
хламидиоз лечения,92
хламидиоз лечится,92
эндокринологический центр в одессе,92
бесплатное лечение бесплодия,93
биопсия влагалища,93
гистероскопия миома матки,93
зппп хламидиоз,93
климакс симптомы лечение,93
кровотечение во время месячных,93
кровотечения при менопаузе,93
методы контрацепции,93
послеродовая чистка матки,93
хламидиоз клиника,93
андрологический осмотр,94
из за чего появляются дрожжи у женщин,94
инфекция в матке симптомы,94
нарушен цикл месячных,94
пластика гинекология,94
симптомы кровотечения при месячных,94
удаление трубы лапароскопия,94
узи органов малого таза во время месячных,94
впч клиника,95
грибок у женщин лечение,95
диагностическое выскабливание осложнения,95
дрожжевые грибы у женщин,95
женские выделения,95
кандидоз диагностика,95
лапароскопия яичников подготовка к операции,95
миома матки удаление,95
нормализация месячных,95
оперативная лапароскопия,95
пластика промежности,95
сколько стоит лапароскопия матки,95
хламідіоз у жінок лікування,95
хорошая клиника гинекологии,95
чем лечат хламидиоз у женщин,95
биопсия шейки матки под общим наркозом,96
инъекции контрацепция,96
лечение бартолинита киев,96
нарушен менструальный цикл,96
одесса узи,96
прием у гинеколога цена,96
что такое лапароскопия в гинекологии,96
дрожжевые инфекции у женщин,97
лечение миома,97
сдать анализ на биопсию,97
что такое миома,97
ювенильное маточное кровотечение,97
candida albicans лечение у женщин,98
гистероскопия удаление спирали,98
кольпоскопия и биопсия шейки матки,98
лобковый,98
межменструальные кровотечения причины,98
узи поджелудочной железы,98
хламідіоз у жінок,98
эрозии на шейке матки,98
гинеколог эндокринолог хмельницкий,99
гормональный сбой месячные,99
лікування шийки радіохвилею,99
обильное кровотечение,99
оперативная гинекология,99
типы гинекологических операций,99
