5 дней без алкоголя,1
7 дней без алкоголя,1
8 дней без алкоголя,1
амфетамин при сдвг,1
анонимное лечение наркозависимости,1
анонимный нарколог,1
габапентин как наркотик,1
довіра медичний центр,1
енцефалопатія алкогольна,1
медичний центр довіра,1
месяц без алкоголя,1
месяц без алкоголя изменения в организме,1
нарколога и психиатра,1
наркологічна кліника довіра,1
неделя отказа от алкоголя,1
что делать если пьяный человек угрожает,1
10 дней без алкоголя изменения,2
10 днів без алкоголю,2
27 дней без алкоголя,2
30 дней без алкоголя,2
4 день без алкоголя,2
5 день без алкоголя,2
алкоголь и кокаин,2
алкогольна енцефалопатія,2
алкогольна енцефалопатія лікування,2
алкогольна енцефалопатія симптоми,2
вывод из запоя одесса,2
габапентин - это наркотик,2
габапентин наркотик или нет,2
габапентин наркотический эффект,2
габапентин является ли наркотиком,2
габапентинпобил,2
дисульфирам алкогольная реакция,2
кокаэтилен,2
кратом одесса,2
лечение алкоголизма одесса,2
лечение алкогольной зависимости в одессе,2
лечение зависимости в одессе,2
лечение наркомании в одессе,2
лечение наркоманов в одессе,2
лечение от алкоголизма одесса,2
лечение от наркомании одесса,2
лікування від залежності одеса,2
наркологическая клиника одесса,2
наркологическая помощь в одессе,2
не пью 5 дней,2
срочный,2
сухая трезвость это,2
третий день без алкоголя,2
три дня без алкоголя,2
три недели без алкоголя,2
чи можна вагітним червоне вино,2
що відбувається з організмом коли кидаєш пити алкоголь,2
2 день без алкоголя,3
2 дня без алкоголя,3
30 днів без алкоголю,3
4 дня без алкоголя,3
алкоголь це депресант,3
анализы на дому одесса,3
анонимная детоксикация,3
анонимная наркологическая клиника,3
анонимно лечение наркомании,3
биохимия крови на дому,3
вивід із запою,3
виїзд для забору аналізів у вихідні одеса,3
вывод из запоя на дому одесса,3
габапентин наркомания,3
корвалол наркотик,3
лечение женского алкоголизма одесса,3
лечение наркозависимых в одессе,3
лікування наркоманії,3
можно ли красное вино беременным,3
місяць без алкоголю,3
паллиативная помощь на дому одесса,3
просте лікування алкоголіка й цілої родини,3
рево,3
смертельная доза рево,3
частная наркологическая клиника одесса,3
що відбувається з організмом після відмови від алкоголю,3
10 дней без алкоголя что происходит с организмом,4
100 днів без алкоголю,4
14 дней без алкоголя,4
15 дней без алкоголя,4
21 день без алкоголя,4
35 дней без алкоголя,4
анонимно наркологическая помощь,4
анонимное лечение от алкоголизма,4
анонимный нарколог на дом,4
антидепрессанты и безалкогольное пиво,4
без алкоголя,4
відмова від алкоголю по дням,4
габапентин зависимость,4
габапентин это наркотическое вещество или нет,4
дисульфирамоподобную реакцию,4
довіра,4
зависимость от вейпа,4
клиника кодирования от алкоголизма одесса,4
кодировка от курения одесса,4
кодування від алкоголізму,4
кокаин и алкоголь,4
красное вино при беременности 2 триместр,4
кратом отзывы,4
лечение от алкоголя одесса,4
лечение от наркотиков в одессе,4
лудоманія ддопомога україна,4
лудоманія допомога україна,4
лудоманіія допомога україна,4
нарколог одесса,4
наркологическая помощь одесса,4
наркологические клиники одесса,4
частое мочеиспускание после отказа от алкоголя,4
четвертый день без алкоголя,4
что будет если бросить пить по дням,4
що таке детоксикація,4
10 дней без алкоголя,5
17 дней без алкоголя,5
3 месяца без алкоголя изменения в организме,5
алкоголь депресант,5
алкоголь это депрессант,5
вино для беременных,5
выведение из запоя на дому одесса,5
вывод из запоя в одессе,5
вывод из запоя кодирование одесса,5
две недели без алкоголя,5
зависимость от корвалола,5
кардиограмма на дому,5
кодирование от алкоголизма одесса по методу довженко,5
кодировка от алкоголя одесса,5
кодировка от наркотиков одесса,5
корвалол наркотический эффект,5
корвалол наркотический эффект дозировка,5
кратом украина легальность,5
лечение алкоголизма анонимно одесса,5
лечение наркомании одесса,5
лудоманія допомога українаа,5
наркологический центр в одессе,5
неделя без алкоголя,5
одесса лечение алкоголизма,5
отказ от алкоголя по дням,5
отказ от алкоголя по месяцам,5
признаки белой горячки,5
психосоматика алкоголизм,5
рево вред,5
синдром отмены прегабалина,5
центр лечения алкоголизма в одессе,5
чи можна вагітним вино,5
что делать если выпил алкоголь с антидепрессантами,5
эсциталопрам и алкоголь,5
2 месяца без алкоголя изменения в организме,6
4 месяца без алкоголя: изменения в организме,6
алкоголизм лечение одесса,6
алкогольний делірій це,6
без алкоголю,6
без алкоголя по дням,6
бессонница после отказа от алкоголя,6
выведение из запоя одесса,6
довіра клініка,6
импотенция при алкоголизме,6
как алкоголь влияет на сон,6
как начинается белая горячка,6
кодирование от курения последствия,6
кратом запрещен в украине,6
кратом купить одесса,6
лечение алкогольной зависимости одесса,6
лечение от алкоголизма в одессе,6
лечение шизофрении в клинике,6
можно ли беременным вино,6
нарколог одесса поселок котовского,6
паническая атака с похмелья что делать,6
пивной алкоголизм у мужчин,6
самый эффективный метод лечения алкоголизма,6
сколько длится депрессия после отказа от алкоголя,6
фантомные ощущения,6
чем опасен дисульфирам,6
як відновити мозок після алкоголю,6
6 день без алкоголя,7
алкоголь антидепрессант,7
белая горячка симптомы,7
белая горячка фото,7
вда,7
вда это,7
вывести из запоя одесса,7
габа наркотик,7
дда україна,7
делірій,7
детоксикация это,7
дисульфірамоподібна реакція,7
дорослі діти алкоголіків,7
закодировалась,7
как восстановить потенцию после алкоголя,7
как закодироваться,7
кратом в украине,7
лечение алкоголизма одесса бесплатно,7
лечение алкозависимости одесса,7
лікування канабіноїдних залежності,7
месяц без алкоголя таблица,7
микродозинг,7
микродозинг мухоморов,7
микродозинг это,7
мухамор микродозинг,7
мухоморов,7
одесса кодировка от алкоголизма,7
отмена прегабалина симптомы,7
паллиативная помощь одесса,7
пиво и антидепрессанты,7
полезно ли пиво для почек,7
постабстинентный синдром симптомы,7
почки и пиво,7
признаки белой горячки у мужчин,7
прокапать от алкоголя одесса,7
симода и алкоголь,7
симптомы белой горячки,7
синдром отмены алкоголя по дням,7
снятие алкогольной интоксикации одесса,7
таблетки от фантомных болей,7
укол дисульфіраму в одесі,7
что происходит с организмом после отказа от алкоголя по дням,7
что такое микродозинг,7
12 дней без алкоголя,8
2 місяці без алкоголю,8
9 дней без алкоголя,8
алкогольна деменція,8
виїзд для аналізів одеса,8
влияние алкоголя на потенцию,8
врач нарколог на дом одесса,8
выход из запоя по дням,8
делирия,8
делірій це,8
дисульфирамоподобные реакции,8
зависимость от габапентина,8
клиника лечения алкоголизма в одессе,8
кодировка от алкоголизма одесса,8
кратом легальность,8
кратом форум,8
микродозинг мухомора,8
мухомор микродозинг,8
отказ от алкоголя,8
паническая атака при похмелье,8
панические атаки после алкоголя,8
панические атаки после алкоголя как избавиться,8
панические атаки после запоя,8
пиво при простатите,8
полный отказ от алкоголя,8
постабстинентный синдром,8
при антидепрессантах можно пить алкоголь,8
сколько длится синдром отмены прегабалина,8
сосудистый делирий,8
фантомная боль это,8
чем опасен неогабин,8
что такое детоксикация,8
что такое рево,8
55 дней без алкоголя,9
астресса с алкоголем,9
белая горячка,9
белая горячка это,9
бензодіазепіни,9
влияет ли пиво на потенцию,9
врач нарколог одесса,9
вывод из запоя на дому в одессе,9
выпил после кодировки и ничего не происходит,9
делирий,9
делірія,9
дети алкашей,9
дети алкоголиков,9
детоксикация,9
детоксикація це,9
діти алкоголіків,9
запой 3 дня,9
как пиво влияет на почки,9
карантин аналізи на дому одеса,9
клініка довіра київ,9
кодирование от наркомании одесса,9
кодировка в одессе,9
контроль лікування вдома,9
крапельниці від тиску,9
кратом наркотик?,9
кратом это наркотическое вещество или нет,9
лечение алкоголизма в одессе,9
лечение от наркомании в одессе,9
мухоморы микродозинг,9
наркологическая клиника в одессе,9
паллиатив,9
стационар лечение алкоголизма,9
торпеда пива это сколько,9
узи на дому одесса,9
фантомная боль,9
фантомные боли лечение,9
фантомный это,9
центр лечения алкоголизма одесса,9
чи впливає пиво на потенцію,9
что такое фантомная боль,9
что такое фантомные боли,9
як відновити організм після алкоголю,9
алкашка женщина,10
алкоголь с антидепрессантами последствия,10
алкогольная энцефалопатия,10
амфетамин сульфат,10
антидепрессанты и алкоголь,10
антидепрессанты и алкоголь последствия,10
астресса и алкоголь,10
бензодиазепины что это,10
взрослые дети алкоголиков,10
вивід з запою київ,10
вызов нарколога на дом одесса,10
делерій,10
депрессия после алкоголя,10
дисульфирам,10
клиника от алкоголизма одесса,10
кодирование от алкоголизма в одессе одеса одеська область,10
кодировка на дом,10
корвалол и алкоголь,10
кратом напиток,10
кратом наркотик,10
кратом украина,10
кратом чай,10
кратом что это,10
лечение алкоголизма одесса цены,10
лечение алкоголизма цена одесса,10
лечение наркоманов одесса,10
ломка от сигарет,10
могут ли болеть почки от алкоголя,10
можно ли пить алкоголь когда принимаешь антидепрессанты,10
можно ли пить алкоголь при антидепрессантах,10
нарколог на дом в одессе,10
наркология одесса,10
наркологічна клініка одеса,10
наркотик кратом,10
никотиновая ломка,10
одесса лечение наркомании,10
паллиативная помощь в одессе,10
паллиативное отделение,10
пивное сердце,10
прегабалин синдром отмены сколько длится,10
прл и алкоголь,10
симптомы отмены прегабалина,10
скрытый алкоголизм,10
фантомные боли,10
фантомные боли как избавиться,10
фантомные боли лечение народными средствами,10
фантомные боли после ампутации ноги,10
фантомные боли это,10
циклокс и алкоголь совместимость,10
чай кратом,10
чому жіночий алкоголізм невиліковний,10
что такое бар,10
что такое кратом,10
що не можна вживати після кодування від алкоголю,10
що таке кратом наркотик,10
эффективное лечение от алкоголизма,10
агрессия алкоголика,11
агрессия у алкоголиков,11
алко кодировка,11
алкоголизм агрессия,11
алкоголь и антидепрессанты,11
алкоголь и потенция,11
алкоголь это депрессант или антидепрессант,11
алкогольная кодировка,11
амбулаторное лечение алкоголизма,11
анонимная клиника для наркоманов,11
анонимная кодировка,11
анонимная кодировка от алкоголизма,11
анонимная кодировка от алкоголя,11
анонимная наркологическая помощь,11
анонимная наркологическая помощь на дому,11
анонимная помощь алкоголикам,11
анонимная помощь наркозависимым,11
анонимная помощь нарколога,11
анонимная помощь при алкоголизме,11
анонимно закодироваться от алкоголя,11
анонимно лечение алкоголизма,11
анонимное кодирование от алкоголизма,11
анонимное лечение алкоголиков,11
анонимное лечение наркозависимых,11
анонимное лечение от алкоголя,11
анонимное лечение от наркомании,11
анонимные наркоманы одесса,11
анонимный врач нарколог на дом,11
анонимный вывод из запоя на дому,11
анонимный вызов врача нарколога,11
анонимный вызов врача нарколога на дом,11
анонимный вызов нарколога телефон,11
антидепрессанты с алкоголем,11
белая горячка когда наступает,11
бензодиазепины,11
больница лечение алкоголизма,11
больница от алкоголизма,11
больница от алкоголизма одесса,11
виведення з запою на дому одеса,11
виведення з запою одеса анонимно,11
виведення із запою,11
виведення із запою з виїздом додому одеса,11
виїзд нарколога додому одеса,11
водка с энергетиком,11
врач нарколог выезд на дом,11
врач нарколог круглосуточно,11
врач нарколог психиатр на дом,11
выведение из запоев на дому,11
выведение из запоя анонимно,11
выведение из запоя капельница на дому,11
выведение из запоя на дому,11
выведение из запоя на дому анонимно,11
выведение из запоя на дому круглосуточно,11
выведение из запоя на дому наркология,11
выведение из запоя на дому срочно,11
выведение из запоя на дому цены,11
вывод запоя на дому,11
вывод из запоя,11
вывод из запоя в стационаре анонимно,11
вывод из запоя в стационаре одесса,11
вывод из запоя вызвать на дом,11
вывод из запоя вызов,11
вывод из запоя вызов врача на дом,11
вывод из запоя и кодирование на дому,11
вывод из запоя круглосуточно,11
вывод из запоя на дому анонимно,11
вывод из запоя на дому клиника,11
вывод из запоя на дому круглосуточно,11
вывод из запоя на дому недорого,11
вывод из запоя на дому одесса цена,11
вывод из запоя на дому срочно,11
вывод из запоя с выездом на дом,11
вывод из запоя срочно круглосуточно,11
выезд врача нарколога на дом,11
выезд на дом врача нарколога,11
выезд на дом нарколога,11
выезд нарколога на дом одесса,11
выездные наркологи,11
вызвать врача нарколога,11
вызвать врача нарколога на дом,11
вызвать нарколога,11
вызвать нарколога на дом анонимно,11
вызов на дом нарколога,11
вызов нарколога,11
вызов нарколога анонимно,11
вызов нарколога на дом анонимно,11
выход из запоя анонимно,11
двойной блок от алкоголизма,11
двойной блок от алкоголя,11
делірія це,11
детоксикация это простыми словами,11
детоксикація,11
дисульфирам и алкоголь,11
довіра київ,11
женская алкогольная зависимость,11
запрещен ли кратом в украине,11
зняття ломки одеса,11
имплантация налтрексона,11
клиника алкоголизма,11
клиника алкогольной зависимости в одессе,11
клиника анонимного лечения от алкоголизма в одессе,11
клиника анонимного лечения от алкоголизма одесса,11
клиника лечения алкоголизма одесса,11
клиника от алкоголизма в одессе,11
клиника. лечения. алкоголизма,11
клиники для алкоголиков,11
клиники для лечения алкоголизма,11
клиники лечения от алкоголизма,11
когда восстанавливается сон после отказа от алкоголя,11
кодирование алкоголизма в одессе,11
кодирование налтрексоном,11
кодирование наркомании одесса,11
кодирование от алкоголизма,11
кодирование от алкоголизма двойной блок,11
кодирование от алкоголизма одесса,11
кодирование от алкогольной зависимости,11
кодирование от алкоголя одесса,11
кодировка на дому от алкоголизма,11
кодировка от алкоголя двойной блок,11
кодування подвійний блок київ,11
красное вино при беременности,11
кратом,11
кратом действующее вещество,11
кратом для чего,11
кратом зависимость,11
кратом запрещен,11
кратом ком,11
кратом лечение,11
кратом это,11
кратом это наркотическое вещество,11
кратомом что это,11
круглосуточный вывод из запоя,11
лечение алкоголизма анонимно,11
лечение алкоголизма наркология,11
лечение алкоголизма одесса цена,11
лечение алкоголизма стационарно,11
лечение алкоголя,11
лечение налтрексоном,11
лечение наркозависимых анонимно,11
лечение наркозависимых одесса,11
лечение наркомании анонимно,11
лечение наркомании анонимное,11
лечение наркомании одесса отзывы,11
лечение наркомании реабилитация,11
лечение от алкоголизма,11
лечение от алкоголизма анонимно,11
лечение от алкоголизма клиника,11
лечение от алкогольной зависимости в одессе,11
лечение от алкогольной зависимости одесса,11
листья кратома,11
ломка от кратома,11
лудоманія це,11
лікування алкоголізму анонімно одеса,11
лікування алкоголізму кичеєво,11
лікування алкоголізму одеса,11
лікування героїнової залежності одеса,11
лікування опіоїдної залежності одеса,11
медицинский центр лечение алкоголизма,11
можно ли бокал вина беременным,11
можно ли вино беременным 3 триместр,11
можно ли пить красное вино при беременности,11
налбуфин купить одесса,11
налтрексон алкоголизм,11
налтрексон кодирование,11
налтрексон от алкоголизма,11
налтрексон при алкоголизме,11
наркоклиника одесса,11
нарколог анонимно,11
нарколог вызвать на дом,11
нарколог вызов,11
нарколог вызов на дом,11
нарколог круглосуточно,11
нарколог лечение на дому,11
нарколог на дом 24 часа,11
нарколог на дом круглосуточно цены,11
нарколог на дом одесса,11
нарколог одеса,11
нарколог по вызову,11
нарколога вызвать на дом,11
нарколога на дом,11
наркологическая клиника лечение алкоголизма,11
наркологическая скорая,11
наркологические центры одесса,11
наркология анонимно,11
наркология выезд на дом,11
никотиновая ломка симптомы,11
отказ от алкоголя изменения в организме по дням,11
паліативна допомога одеса,11
платный нарколог на дом,11
полный вывод алкоголя из организма 21 день,11
помощь нарколога анонимно,11
помощь созависимым одесса,11
прегабалин можно купить без рецепта,11
прокапатися від алкоголю одеса,11
прокапаться от алкоголя в одессе,11
психиатр нарколог на дом,11
психолог одесса,11
психологическая помощь алкозависимому одесса,11
раскодировка от алкоголя одесса,11
реабилитация для наркозависимых,11
сделать электрокардиограмму,11
симптоми білої гарячки,11
симптомы алкогольной энцефалопатии,11
синдром отмены лирики,11
сколько длится ломка от прегабалина,11
снятие алкогольной интоксикации на дому одесса,11
снятие ломки одесса,11
три місяці без алкоголю,11
убод одеса,11
укол дисульфирама в одессе,11
укол дисульфирама одесса,11
центр алкогольной зависимости,11
центр лечения алкоголиков,11
центр лечения шизофрении,11
чай наркотик,11
частная клиника от алкоголизма,11
частная наркологическая клиника в одессе,11
частные наркологические клиники одесса,11
частный нарколог на дом анонимно,11
частный нарколог на дом быстро,11
частный нарколог одесса,11
что будет если выпить алкоголь когда принимаешь антидепрессанты,11
что значит детоксикация организма,11
что такое белая горячка,11
швидка наркологічна допомога одеса,11
эффективная кодировка от алкоголизма,11
эффективное кодирование от алкоголизма,11
эффективное лечение алкоголизма,11
алкоголизм лечение анонимно,12
амфетамин одесса,12
анализы круглосуточно,12
анонимное лечение алкоголизма,12
бар це,12
бензодиазепины это,12
виведення із запою в одесі,12
виведення із запою вдома в одесі,12
виведення із запою з виїздом додому в одесі,12
виведення із запою на дому одеса,12
виведення із запою одеса,12
врач на дом вывод из запоя,12
врач нарколог в одессе,12
вывести из запоя на дом,12
вывод из запоя амбулаторно одесса,12
вывод из запоя на дому,12
вывод из запоя с выездом на дом одесса,12
вызвать врача нарколога на дом срочно,12
вызов врача нарколога,12
вызов нарколога на дом в одессе,12
відновлення організму після алкоголю,12
делірій симптоми,12
закодироваться,12
капельница на дому от запоя,12
клиника кодировки от алкоголя,12
кодирование от наркозависимости одесса,12
кодировка от алкоголизма,12
кодировка от алкоголизма двойной блок,12
лечение алкоголизма,12
лечение алкоголизма амбулаторно,12
лечение алкоголизма клиники в одессе,12
медицинский центр наркология,12
можно ли кодироваться при эпилепсии,12
налтрексон украина,12
нарколог консультация в одессе,12
наркологический диспансер одесса,12
наркологический центр одесса,12
почему нельзя кодироваться от алкоголизма,12
приватна наркологічна клініка в одесі,12
фантомные боли неврология,12
центр для алкоголиков,12
центры лечения от алкоголизма,12
чай кратом это,12
что такое рецидив,12
что такое токсины простыми словами,12
що таке бар,12
электрокардиограмма в частных клиниках одесса,12
анонимное лечение алкогольной зависимости,13
анонимные наркологические клиники,13
анонимный вызов нарколога на дом,13
водка наркотик,13
врач нарколог цена,13
выведение из запоя на дому недорого,13
вывод из запоя вызов на дом,13
вывод из запоя с выездом,13
вывод из похмелья на дому,13
делирий это,13
закодировать от алкоголя в одессе,13
закодироваться от алкоголя одесса,13
записаться к психологу одесса,13
капельница от запоя на дому,13
кодирование от алкоголизма одесса цена,13
кодирование от наркотиков одесса,13
кодироваться,13
кодировка дисульфирамом,13
кодировка от алкоголизма в одессе,13
кодировка от алкоголя,13
кодировка от алкоголя в одессе,13
кодировка от алкоголя одесса цена,13
кодування від алкоголізму одеса,13
кодування торпедо київ,13
кому нельзя кодироваться от алкоголя,13
консультация психолога одесса,13
кратом это напиток,13
лечение амфетаминовой зависимости одесса,13
лечение наркозависимости анонимно,13
медицинские центры лечения алкоголизма,13
нарколог в одессе,13
нарколог консультация одесса,13
подшивка от алкоголизма одесса,13
приватна наркологічна клініка одеса,13
приватний нарколог одеса,13
созависимость от мужа алкоголика,13
центр реабилитации наркозависимых одесса,13
эспераль кодирование,13
аналізи 16 років одеса,14
аналізи всій родині вдома одеса,14
анонимное лечение алкоголизма стоимость,14
анонимное лечение наркомании в одессе,14
виведення із запою вдома одеса,14
выведение из запоя круглосуточно,14
вывод из запоя анонимно,14
вывод из запоя на,14
вывод из запоя наркология,14
вывод из запоя недорого,14
вывод из запоя с выездом на дом в одессе,14
вывод из запоя с выездом на дом цена одесса,14
выезд на дом капельница от запоя,14
вызов врача на дом вывод из запоя,14
клиника от наркомании,14
клиники от алкоголизма,14
кодирование от алкоголизма в одессе,14
кодирование торпедо,14
кодировка от курения,14
крапельниця від алкоголю одеса,14
красный мухомор микродозинг,14
лечение алкоголизма больница,14
лечение алкоголизма услуги,14
лечение героиновой зависимости одесса,14
лечение зависимости от алкоголизма,14
лечение наркозависимости в одессе,14
лечение наркомании одесса довженко,14
лечение панических атак одесса,14
лечение фантомных болей,14
лудомания лечение зависимости,14
лікування від алкоголізму одеса,14
лікувати наркомана одеса,14
нарколог додому в одесі,14
нарколог на дом вывод из запоя на дому,14
наркология вызов на дом,14
наркотична співзалежність лікування одеса,14
платный нарколог на дом анонимно,14
сколько стоит кодировка от алкоголя в одессе,14
стационарное лечение алкоголизма,14
укол от алкоголизма цена одесса,14
центр лечения алкоголизм,14
центры лечения алкоголизма,14
частный нарколог в одессе,14
dovira,15
алкоголизм женский,15
аналізи на дому одеса,15
анонимное лечение зависимостей,15
анонимное лечение наркоманов,15
виклик нарколога додому одеса,15
выведение из запоев на дому одесса,15
вывести из запоя анонимно,15
вывод из запоя врач на дом,15
где закодироваться от алкоголя,15
детоксикация на дому одесса,15
закодироваться это,15
капельница от алкоголя на дому,15
кардиограмма одесса цена,15
клініка для алкозалежних одеса,15
кодирование от алкоголизма цена одесса,15
кодирование от курения одесса,15
кодирование препаратом эспераль,15
кодирование торпедо киев,15
кодировка от алкоголя в одессе цена,15
крапельниця від алкоголю ціна в одесі,15
лечение алкоголизма гипнозом одесса,15
лечение алкоголизма клиники одесса,15
лечение зависимости от лирики,15
лечение наркозависимости одесса,15
лечение наркомании в одессе цена,15
лечения наркозависимости одесса,15
лечить созависимость одесса,15
лікування алкоголізму в одесі,15
лікування амфетамінової залежності одеса,15
лікування наркоманії одеса,15
лікування наркоманії ціни одеса,15
микродозинг мухомор,15
наркодиспансер одесса,15
нарколог чем занимается,15
наркологические клиники одессы,15
наркология вывод из запоя,15
прокапать на дому от алкоголя,15
прокапаться от алкоголя на дому,15
реабилитационный центр для алкоголиков одесса,15
сделать экг цена,15
снятие ломки на дому недорого,15
уролог на дом,15
центр лечения от алкоголизма одесса,15
частные наркологические клиники в одессе,15
адреса лечения алкоголизма,16
алкогольная зависимость лечение одесса,16
алкогольная энцефалопатия симптомы,16
аналіз крові на дому,16
аналізи на дому центр одеси,16
анонимная помощь наркоманам,16
анонимное лечение наркомании,16
больница от алкоголизма в одессе,16
виклик нарколога додому,16
вилікувати алкоголіка одеса,16
вывод из запоя в стационаре в одессе,16
вывод из запоя клиника врачи,16
вызвать наркологическую помощь,16
глюкоза крові на дому одеса,16
детоксикация организма что это,16
зависимость от лирики лечение,16
закодироваться от алкоголя в одессе,16
капельница от запоя,16
капельниця після запою одеса,16
кинути пити,16
клиника для алкозависимых в одессе,16
клиника для алкозависимых одесса,16
клиника для лечения от алкоголизма,16
клиника наркологическая одесса,16
клиники по лечению алкоголизма,16
кодирование алкоголизма одесса,16
кодирование двойной блок киев,16
кодирование методом довженко в одессе,16
кодирование от алкоголя в одессе,16
кодировка одесса,16
кратом это наркотик,16
лечение алкоголизма в одессе отзывы,16
лечение алкоголизма клиника,16
лечение для наркоманов одесса,16
лечение наркомании стационар одесса,16
лечение от алкоголя в одессе,16
лікування алкоголізму в стаціонарі одеса,16
лікування алкоголізму довженка одеса,16
налбуфин это,16
нарколог на дом срочно,16
наркология вывод из запоя на дому,16
наркология лечение алкоголизма,16
наркология на дому вызов нарколога,16
наркологія в одесі,16
наркологія одеса,16
приватний нарколог в одесі,16
прокапаться от запоя,16
психолог від алкоголізму одеса,16
психологическая помощь алкозависимому в одессе,16
психологічне кодування від алкоголізму одеса,16
реабилитация алкозависимых в одессе,16
современное лечение алкоголизма,16
фантомная боль лечение,16
центр лечения от алкоголизма в одессе,16
алкоголизм вывод из запоя,17
анонімне лікування наркоманії в одесі,17
виклик нарколога одеса,17
выведение из запоя недорого,17
вывод из запоя выезд на дом,17
вывод из запоя и кодировка,17
где можно закодировать от алкоголизма,17
гіпноз за методом довженка в одесі,17
енергетик з алкоголем,17
как отойти от лирики в домашних условиях,17
как пиво влияет на потенцию,17
как происходит детоксикация организма,17
кардиограмма одесса,17
кодирование от наркомании в одессе,17
кодировка,17
кодування за довженком одеса,17
консультація нарколога в одесі,17
лечение алкоголизма гипнозом в одессе,17
лечение алкоголизма кичеево,17
лечение алкозависимости в одессе,17
лечение наркозависимости в регионе одесса,17
лечение наркотической зависимости в одессе,17
лікування наркоманії анонімно,17
наркоклиника,17
нарколог на дом вывод из запоя,17
наркологічна клініка в одесі,17
наркоцентр одеса,17
одесса наркологический центр,17
психологічне кодування алкоголізму в одесі,17
реабилитация алкозависимых одесса,17
сделать капельницу от похмелья,17
снятие алкогольной интоксикации,17
снятие ломки в одессе,17
укол дисульфіраму одеса,17
электрокардиограмма одесса,17
анализы на дому,18
аналізи натщесерце додому виїзд,18
врач на дом капельница от запоя,18
выведение из запоя наркология,18
вывод из запоя амбулаторно в одессе,18
гіпноз за методом довженка одеса,18
дисульфирам кодирование,18
закодировать от алкоголизма цена,18
закодировать от алкоголя,18
закодировать от алкоголя одесса,18
закодироваться от алкоголизма,18
имплантация препарата эспераль,18
имплантация эспераль,18
клиника алкогольной зависимости одесса,18
клініка анонімного лікування від алкоголізму одеса,18
кодирование алкоголизма,18
кодирование одесса,18
кодирования алкоголизма одесса,18
кодировка алкоголизма,18
кодировка уколом от алкоголя,18
консультация нарколога в одессе,18
лікування наркоманії в одесi,18
нарколог врач на дом,18
нарколог додому одеса,18
нарколог консультація в одесі,18
подшить от алкоголя в одессе,18
подшить от алкоголя одесса,18
прокапывание от алкоголя на дому,18
реабилитационный центр для алкоголиков в одессе,18
реабилитационный центр от алкоголизма в одессе,18
реабилитационный центр от алкоголизма одесса,18
самые эффективные методы лечения алкоголизма,18
укол от алкоголизма одесса,18
центр реабилитации алкоголиков в одессе,18
эффективные методы лечения алкоголизма,18
виведення із запою в стаціонарі одеса,19
вывести из запоя в клинике,19
вывод из запоя дешево,19
вызвать капельницу от запоя на дому,19
вызвать нарколога на дом срочно,19
гипноз от алкоголизма в одессе,19
детокс після алкоголю одеса,19
детоксикация одесса,19
замовити аналізи на дому одеса,19
инъекция эспераль,19
клініка анонімного лікування від алкоголізму в одесі,19
кодирование методом эспераль,19
кодирование от алкоголя одесса цена,19
кодирование эспераль цена,19
кодировка эспераль,19
консультация нарколога одесса,19
консультация нарколога цена,19
консультация терапевта одесса,19
лечение алкогольной зависимости,19
лечение наркомании в киевской области,19
наркодиспансер в одессе,19
наркология в одессе,19
пивной алкоголизм лечение,19
подшить от алкоголизма в одессе,19
подшить от алкоголизма одесса,19
прокапатся от алкоголя киев,19
психиатрия одесса,19
психолог от алкоголизма в одессе,19
психологічна реабілітація від алкоголізму в одесі,19
психологічне кодування від алкоголізму в одесі,19
реабілітаційний центр алкоголізм одеса,19
торпедо укол от алкоголизма цена,19
центр реабилитации алкозависимых одесса,19
больница одесса куда обратиться для мужчин уролог,20
виведення з запою одеса,20
виведення із запою амбулаторно в одесі,20
виведення із запою в стаціонарі в одесі,20
вывод из запоя капельница на дому,20
женский алкоголизм не лечится,20
закодироваться в одессе,20
закодироваться от алкоголя,20
капельница от похмелья на дому,20
клиники лечения алкоголизма,20
клініка лікування алкоголізму в одесі,20
кодирование алкоголя,20
кодирование от алкоголизма эспераль,20
кодирование по довженко в одессе,20
кодирование эспераль,20
кодування алкоголізму одеса,20
кодування від алкоголізму в одесі,20
кодування за довженком в одесі,20
кратом побочные эффекты,20
лечение наркомании в регионе одесса,20
лечение фантомной боли,20
лікування алкоголізму стаціонар одеса,20
лікування наркоманії в одесі,20
наркологическая клиника,20
наркологический диспансер в одессе,20
платная наркологическая клиника,20
психологическая реабилитация от алкоголизма одесса,20
психологическое кодирование алкоголизма в одессе,20
реабилитационный центр для алкозависимых одесса,20
сколько стоит закодироваться от алкоголя в одессе,20
центр реабилитации алкозависимых в одессе,20
экг цена одесса,20
гипноз от алкоголизма одесса,21
капельница от запоя одесса,21
кодировка от алкоголизма стоимость,21
кодировка препаратом эспераль,21
лечение наркотической зависимости одесса,21
лечить наркомана одесса,21
нарколог на дом вывод,21
нарколог на дом круглосуточно,21
психологическая реабилитация от алкоголизма в одессе,21
реабилитационный центр алкоголизм в одессе,21
реабилитация наркозависимых одесса,21
эспераль инъекция,21
детоксикация от алкоголя,22
центр реабилитации алкоголиков одесса,22
виведення зі запою одеса,23
виклик нарколога додому в одесі,23
клиника лечения от алкоголизма,23
лікування пивного алкоголізму одеса,23
прокапаться на дому,23
прокапаться от алкоголя одесса,23
экг одесса,23
клиника лечение алкоголизма,24
клиника лечения зависимостей,24
кодирование по методу довженко одесса,24
лікування алкоголізму довженко одеса,24
нарколог на дом анонимно,24
прокапать от алкоголя в одессе,24
женский алкоголизм ровно,25
клиника лечения алкоголизма,25
кодування за методом довженка одеса,25
наркологическая помощь на дому,25
прокапатися від алкоголю в києві,25
алкоголізм лікування одеса,26
закодуватися від алкоголю в одесі,26
капельница от алкоголя одесса,26
кодирование гипнозом одесса,26
лечение пивного алкоголизма,26
лікування наркозалежних в одесі,26
нарколог выезд на дом,26
реабілітація алкозалежних одеса,26
виведення із запою на дому,27
вывод из запоя с выездом на дом киев,27
выход из запоя на дому,27
ефективне лікування алкоголізму,27
клиника для алкоголиков,27
кодирование методом довженко одесса,27
кодировка от алкоголя анонимно,27
кодування еспераль київ,27
лечение марихуановой зависимости ровно,27
прокапатися від алкоголю київ,27
что такое кокс 18,27
вывод из запоя дома,28
детоксикация от наркотиков цена,28
кодирование эспераль киев,28
подшиться от наркотиков,28
стационар от алкоголизма,28
вызвать нарколога на дом,29
клиника наркомании,29
кодирование от наркотиков цены,29
хронический алкоголизм лечение,29
вывод из запоя киев на дому,30
вывод из запоя на дому в киеве,30
клиника лечение от алкоголизма,30
клиники от алкогольной зависимости,30
лечение алкоголизма одесса довженко,30
лечение алкоголизма цена в одессе,30
нарколог на дом,30
торпедо от алкоголизма,30
виведення з запою київ,31
вывод из запоя на дому киев,31
кодирование от алкоголизма анонимно,31
кодировка от алкоголя цена,31
лікування алкоголізму одеса ціна,31
реабілітація алкозалежних в одесі,31
снятие наркотической ломки клиника,31
вывод из запоя киев,32
вывод из запоя круглосуточно киев,32
вывод из запоя с выездом на дом цена киев,32
где лечат алкоголиков,32
женский алкоголизм лечение,32
клиника по лечению алкоголизма,32
лечение алкоголизма в клинике,32
лікування наркоманів одеса,32
выведение из запоя киев на дому,33
выведение из запоя на дому киев,33
вывод из запоя с выездом на дом цена,33
женский алкоголизм киев,33
запой на дому,33
клиника для лечения алкоголизма,33
клиника от наркозависимости,33
лечение зависимости одесса,33
лечение шизофрении киев,33
помощь наркозависимым одесса,33
вывести из запоя на дому киев,34
клиника от алкоголизма,34
кодирование от алкоголизма одесса по методу довженко цена,34
кодування від алкоголю одеса,34
кодування гіпнозом одеса,34
кокаиновая зависимость,34
лечение от алкогольной зависимости,34
лечение шизофрении в киеве,34
лікування алкоголізму одеса ціни,34
прокапаться на дому от алкоголя,34
частный нарколог на дом,34
анонімне лікування алкоголізму,35
быстрый вывод из запоя в стационаре,35
виведення із запою київ,35
виклик нарколога додому київ,35
вывод с запоя киев,35
где закодироваться от алкоголизма,35
закодуватися від алкоголю одеса,35
запой как вывести киев,35
из запоя на дому,35
кодирование от пивного алкоголизма,35
лікування наркоманії у київській області,35
подшивка от наркотиков,35
выведение из запоя на дому киев цена,36
вывести из запоя киев,36
выезд нарколога на дом,36
вызов нарколога на дом,36
капельница на дому от алкоголя киев,36
клиника лечения алкогольной зависимости,36
кодування торпедо,36
лечение алкоголизма шулявка,36
лікування жіночого алкоголізму одеса,36
обрыв запоя на дому киев,36
цена лечения алкоголизма одесса,36
вивід із запою київ,37
вывод из запоя на дому киев цена,37
вызвать врача на дом от запоя,37
вызвать на дом нарколога,37
клиника алкоголизм,37
клиника вывести из запоя,37
лечение алкоголизма у женщин,37
лечение женского алкоголизма,37
лечение кокаиновой зависимости,37
лікування алкоголізму київська область,37
прокапатся от алкоголя,37
сделать экг,37
безопасный вывод из запоя цены,38
вивести із запою київ,38
врач нарколог на дом,38
вывод из запоя на дому телефоны,38
выйти из запоя в клинике,38
кодування наркозалежних одеса,38
лечение от алкозависимости,38
лечение хронический алкоголизм,38
нарколог анонимно на дом,38
психологическая помощь при алкоголизме одесса,38
снятие ломки киев,38
в чем заключается кодировка от алкоголя,39
вывод из запоя на дому стоимость,39
капельница от похмелья,39
консультация нарколога анонимно,39
нарколог домой,39
пивной алкоголизм киев,39
прокапать на дому,39
снятие наркотической ломки киев,39
хронический алкоголизм это,39
выведение из запоя в киеве,40
выведение из запоя киев,40
вывод из запоя в стационаре в киеве,40
вызвать на дом врача нарколога,40
вызов врача на дом капельница от запоя,40
женский алкоголизм,40
капельница от алкоголя круглосуточно на дом,40
кодировка от алкоголизма в одессе цены,40
подшивка от алкоголизма в одессе,40
ціна кодування від алкоголю в одесі,40
виведення із запою вдома в києві,41
выведения из запоя киев,41
вызов врача вывод из запоя,41
вызов нарколога домой,41
кодування наркоманії одеса,41
наркологическая клиника вараш,41
опійна наркоманія,41
прокапаться после запоя,41
скільки коштує закодуватися від алкоголю в одесі,41
частный нарколог,41
вывод из запоя стационар киев,42
вызов врача на дом от запоя,42
вылечить наркомана одесса,42
клиника для алкозависимых,42
клиника по борьбе с алкоголизмом,42
лечение алкоголизма цены,42
лікування алкоголізму гіпнозом одеса,42
центр лечения алкогольной зависимости,42
вывод из запоя в больнице,43
вывод из запоя в наркологической клинике,43
вызвать вывод из запоя,43
детоксикация при алкоголизме,43
как вызвать нарколога на дом,43
лечение от запоя на дому,43
лікування наркозалежності одеса,43
медикаментозное лечение алкоголизма киев,43
нарколог додому київ,43
обрыв запоя киев,43
обрыв запоя на дому,43
торпеда от алкоголя,43
алкоголизм у женщин,44
где лечат от алкоголизма,44
закодироваться от алкоголя одесса цена,44
клиника закодироваться от алкоголя,44
кодування ціна одеса,44
лікування від алкоголю одеса,44
нарколог на дом вызвать,44
частная клиника вывод из запоя,44
виведення із запою в києві,45
врач нарколог на дом круглосуточно,45
вывести из запоя капельница на дому,45
выезд нарколога на дом круглосуточно,45
вызвать нарколога на дом прокапаться,45
запой киев,45
клиники лечения алкоголизма наркомании,45
кодировка киев,45
лечение алкоголизма киевская область,45
лечение женского алкоголизма анонимно,45
прокапывание от алкоголя,45
вызов анонимного нарколога,46
вызов врача на дом от алкоголизма,46
вызов врача нарколога круглосуточно,46
вызов на дом врача нарколога,46
вызов нарколога на дом киев,46
закодуватися від алкоголю одеса ціна,46
клиника кодирования от алкоголизма,46
клиника лечения алкоголизма и наркомании,46
кодировка от алкоголя цена одесса,46
кодування від алкоголю в одесі,46
лечебница от алкоголизма,46
лечение алкоголиков,46
подшивка от алкоголя одесса,46
помощь от алкоголизма,46
прокапаться от алкоголя,46
прокапаться после алкоголя,46
ціна кодування від алкоголю одеса,46
вывод из запоя в киеве,47
вывод человека из запоя,47
вызов нарколога на дом круглосуточно,47
детоксикация после алкоголя,47
закодироваться от алкоголя в киеве,47
закодироваться от алкоголя киев,47
капельница с похмелья,47
клиника выведение из запоя,47
клініка від алкоголізму одеса,47
кодирование,47
кодировка от алкоголя в киеве,47
кодування від наркоманії одеса,47
лечение алкоголизма в,47
лікування алкоголізму вартість одеса,47
лікування алкозалежності одеса,47
метадоновая программа в киеве адреса,47
можно ли вызвать нарколога на дом,47
підшивка від алкоголю одеса,47
торпеда от алкоголизма,47
центр лечения алкоголизма,47
вывод из запоев,48
вывод из запоя в стационаре киев,48
вызов врача нарколога на дом,48
выход из запоя вызов врача на дом,48
кодування від алкоголю київ,48
кодування від алкоголю ціна одеса,48
кодіровка від алкоголю київ,48
лечение алкогольной зависимости цены,48
лікування наркоманії у києві,48
очистить кровь от алкоголя капельница,48
подшивка от алкоголя в одессе,48
прокапаться от похмелья,48
вшивание торпеды от алкоголизма цена,49
вывод из запоя киев стационар,49
вывод из запоя с выездом цена,49
вывод из запоя стоимость,49
женский алкоголизм симптомы,49
клиники лечения алкоголизма киев,49
кодирование от алкоголизма в киеве,49
лечение зависимости от алкоголя,49
нарколог на дом наркология,49
наркологическая клиника анонимно,49
алкогольная детоксикация,50
вызов нарколога на дом в киеве,50
вызов нарколога на дом запой,50
клиника алкогольной зависимости,50
кодирование алкоголизма в киеве,50
кодировка от алкоголя киев,50
кодування алкоголізму в одесі,50
лечение от алкоголя в киеве,50
лечение шизофрении в украине,50
лучшие клиники по лечению алкоголизма,50
нарколог на дому,50
наркологическая помощь на дому круглосуточно,50
помощь нарколога круглосуточно,50
врач алкоголик,51
где лечить алкоголика киев,51
детоксикація від алкоголю,51
клиника лечения наркоманов,51
кодування від алкоголізму київ,51
лечение алкоголизма без ведома больного киев,51
медикаментозный вывод из запоя,51
подшивка от алкоголя киев,51
підшивання від алкоголізму київ,51
підшивання від алкоголізму одеса,51
анонимное лечение алкоголизма в киеве,52
выезд нарколога,52
вызов врача на дом нарколога,52
капельница против похмелья,52
клиника кодирования от алкоголя,52
кодирование от алкоголя киев,52
лечение алкоголизма в украине,52
лечения алкоголизма киев,52
лечить алкоголизм киев,52
нарколога домой,52
подшивание от алкоголизма киев,52
причины женского алкоголизма,52
вывод из запоя киев цена,53
запой вывод из запоя,53
лечение от кокаина,53
лікування алкоголізму,53
лікування наркозалежності київ,53
нарколог на дом киев,53
нарколог на дом клиника,53
укол от похмелья,53
что такое закодироваться,53
врач нарколог с выездом на дом,54
выезд нарколога на дом киев,54
вызов врача запой,54
капельница после похмелья,54
капельница похмелье,54
клиника от алкогольной зависимости,54
кодировка от алкоголизма киев,54
лечение алкозависимости,54
лечение кокаиновой зависимости ровно,54
лікування алкоголізму без відома хворого київ,54
нарколог частный,54
наркологическая клиника на дом,54
прокапаться от алкоголя киев,54
підшити від алкоголізму одеса,54
реабилитация алкозависимых,54
детоксикасия от алкоголя,55
закодироватся от алкоголя,55
закодироваться от алкоголя это как,55
капельница от алкоголя киев,55
клиника лечения алкоголизма в киеве,55
кодирование от алкоголизма киев,55
кодирование от алкогольной зависимости киев,55
лечение алкоголизма доктор,55
лечение алкоголизма клиники киев,55
обрыв запоя,55
підшивка від алкоголізму одеса,55
реабилитация наркозависимых,55
реабілітація наркозалежних одеса,55
реабілітація наркоманів,55
сколько стоит вывод из запоя на дому,55
вызов нарколога круглосуточно,56
запой выезд на дом,56
как вывести из запоя капельница,56
кардиограмму сделать,56
кодування за методом довженка київ,56
лечение зависимости от кокаина,56
помощь от алкоголя,56
реабилитация наркозависимых в одессе,56
снять ломку наркозависимого,56
вылечить алкоголизм киев,57
запой нарколог дом,57
кодування від алкоголізму київ ціна,57
лікування наркоманії в одесі ціна,57
лікування наркоманії в одесі ціни,57
ознаки наркотичної залежності,57
помощь алкозависимым киев,57
прокапать от алкоголя киев,57
реабілітаційний центр для алкозалежних в одесі,57
сколько стоит кодирование от алкоголя одесса,57
снятие наркотической ломки,57
срочное выведение из запоя на дому,57
вызвать наркологическую помощь на дом,58
где лечат алкоголизм,58
капельница от похмелья недорого,58
киев кодирование от алкоголизма,58
лечение алкоголизма в киеве клиника,58
пивной алкоголизм симптомы,58
види наркотичної залежності,59
вывод из запоя больница,59
вывод из запоя лечение,59
вывод из запоя лечение алкоголизма,59
капельница после пьянки,59
кодировка выезд на дом,59
лечение алкоголизм киев,59
лечение алкоголизма клиники в киеве,59
лечение от алкоголизма в украине,59
налтрексон отзывы алкоголиков,59
наркологическая служба на дом,59
обрив запою,59
цена кодирования от алкоголя в одессе,59
как проходит кодирование от алкоголя,60
кодировка от спиртного,60
лечение алкоголизма анонимно киев,60
нарколог на выезд,60
наркология вывод из запоя в стационаре,60
прокапаться от алкоголя в киеве,60
прокапаться после пьянки,60
услуги врача нарколога на дому,60
услуги нарколога,60
шизофрения лечение,60
алкоголизм киев,61
вывод из запоя киев стоимость,61
вызов нарколога на дом телефон,61
капельница от запоя киев,61
киев лечение алкоголизма,61
лечение алкоголизма наркомании,61
лечение алкоголизма недорого,61
лечение наркомании киев,61
лечение последствий алкоголизма,61
лечение солевой зависимости в киеве,61
лікування алкоголізму київ,61
лікування від алкоголю київ,61
реабилитация наркомании,61
выведение из запоя киев цены,62
вывод из запоя кодирование,62
капельница от алкоголя,62
клиника выход из запоя,62
консультация нарколога на дому,62
лечение алкогольной зависимости в киеве,62
лечение от алкоголя киев,62
лечение шизофрении,62
лікування наркоманії київ,62
наркология на дому,62
женский пивной алкоголизм лечение,63
зняття ломки вдома у києві,63
капельница от похмелья киев,63
клиника лечения наркомании,63
кодировка от алкоголя на 6 месяцев,63
пивний алкоголізм київ,63
прерывание запоя на дому,63
прокапать от запоя на дому,63
реабилитационный центр алкоголизм одесса,63
реабилитация наркозависимых киев,63
скорая помощь вывод из запоя,63
снятие ломки наркомана,63
снятие метадоновой ломки,63
центр кодирования,63
лечение алкоголизма киев,64
лечение и реабилитация наркоманов,64
лечение от алкоголизма в киеве,64
лікування наркоманії вартість одеса,64
пивной алкоголизм у женщин лечение,64
реабілітація алкозалежних київ,64
реабілітація наркоманів київ,64
снятие ломки дома,64
центр лікування алкоголізму одеса,64
центр реабилитации наркоманов в украине,64
детоксикация организма от алкоголя,65
запой вывод на дому,65
клиника от алкоголизма киев,65
лечение алкозависимости киев,65
нарколог на дом в киеве,65
откапать от алкоголя на дому,65
алкоголизм лечение киев,66
алкозависимость лечение киев,66
вывод из длительного запоя,66
капельница после алкоголя,66
клиники лечения алкоголизма в киеве,66
лечение алкоголизма женского,66
лечение алкоголизма киев киев,66
лечение алкогольной зависимости киев,66
лечение от алкоголизма киев,66
лечение шизофрении клиника,66
лечить алкоголизм в киеве,66
налтрексон противопоказания,66
реабилитационный центр для наркозависимых в киеве,66
реабилитационный центр для наркоманов киевская область,66
реабилитация наркоманов,66
услуги нарколога на дому,66
вывод из запоя на дому капельница,67
детоксикация алкоголя,67
зняття ломки,67
излечение от алкоголизма,67
клиника закодироваться,67
клиника наркозависимости,67
кодування методом торпедо,67
реабилитационный центр для наркоманов одесса,67
сделать кардиограмму,67
лечение алкоголизма в киеве,68
лечение женского алкоголизма в киеве,68
лечение накотической зависимости в одессе,68
лікування алкогольної залежності київ,68
нарколог на дом кодирование,68
наркологическая помощь на дом,68
прокапаться с похмелья,68
снять ломку,68
выведение из запоя клиника,69
клініка для алкозалежних київ,69
кодирование от алкоголизма как происходит,69
комплексное лечение алкогольной зависимости,69
лечение алкоголизма женщин,69
лечение алкозависимости в киеве,69
лечение женского алкоголизма киев,69
лечение от солей киев,69
лікування від алкоголізму київ,69
наркологический диспансер алкоголизм,69
помощь наркозависимым киев,69
реабилитация наркоманов киев,69
клиники от алкогольной зависимости киев,70
лечение алкоголиков киев,70
лікування наркозалежності в києві,70
лікування наркоманії в києві,70
лікувати наркоманію одеса,70
налтрексон таблетки от алкоголизма,70
помощь нарколога на дому,70
прокапать от алкоголя,70
реабілітація наркозалежних київ,70
снятие наркотической ломки на дому,70
вызов нарколога на дом киев цена,71
панические атаки лечение в киеве,71
реабилитация наркомана,71
укол дисульфирама в киеве,71
виведення з запою,72
лечить наркоманию одесса,72
лікування наркоманів в одесі,72
реабилитация алкозависимых в киеве,72
стаціонарне лікування алкоголізму,72
центр лечения наркозависимых,72
диагностика и лечение шизофрении,73
избавиться от алкогольной зависимости киев,73
как происходит кодировка от алкоголя,73
клиника для алкоголиков киев,73
клиника лечение алкоголизма киев,73
кодировка от алкогольной зависимости,73
крапельниця від алкоголю київ,73
лечение от пивного алкоголизма,73
нарколог на дом частный,73
снятие алкогольной интоксикации киев,73
цена лечения женского алкоголизма киеве,73
центр реабілітації алкозалежних в одесі,73
выведение из запоя на дому цена,74
клініка лікування алкоголізму київ,74
лікування наркозалежних київ,74
анонимное лечение алкоголизма киев,75
жіночий алкоголізм київ,75
клиника по лечению алкоголизма киев,75
кодирование по методу довженко в одессе,75
лечение наркотической зависимости киев,75
лечение панических атак в киеве,75
лікар нарколог одеса,75
реабілітаційний центр від алкоголізму одеса,75
киев лечение наркомании,76
клиники по лечению алкоголизма в киеве,76
лечение наркоманов в киеве,76
снятие ломки,76
вывод из запоя медикаментозно,77
клиника лечение от алкоголизма киев,77
лечение алкоголизма цена киев,77
реабилитации наркозависимых,77
реабилитация от наркозависимости,77
зняття ломки київ,78
зробити кардіограму,78
клиника для алкозависимых киев,78
клиника наркологии и алкоголизма,78
консультация врача нарколога,78
прокапаться от алкоголя киев цена,78
больница от алкоголизма киев,79
клиника лечения алкоголизма киев,79
лечение от наркомании киев,79
наркоманія лікування,79
панические атаки лечение киев,79
выведение из алкогольной интоксикации киев,80
дерево кратом,80
капельница от алкоголизма,80
капельница от похмелья вызвать,80
лечение от алкогольной зависимости киев,80
реабилитационный центр для наркозависимых киев,80
снятие алкогольной интоксикации на дому киев,80
шизофрения клиника лечение,80
клиника алкоголизма киев,81
лечение панических атак киев,81
нарколог с выездом на дом,81
реабилитационный центр для наркоманов в киеве,81
вливание от алкоголизма,82
кодирование от алкоголизма выезд на дом,82
лечение алкоголизма киев стационар,82
лечение в наркологической клинике,82
капельница после перепоя,83
клиника кодировка от алкоголизма,83
клиника лечение алкоголизма цены,83
клиника лечение шизофрении,83
лечение наркозависимости киев,83
лечение наркотической ломки,83
хороший нарколог на дом,83
вывод из запоя на дому киев отзывы,84
консультация нарколога,84
лечение наркомании в украине,85
побочные эффекты налтрексон,85
реабилитация алкоголиков киев,85
анонимное лечение наркомании киев,86
вивести з запою вдома,86
капельница от алкоголя цена киев,86
клиника лечения шизофрении,86
медикаментозное выведение из запоя,86
наркодиспансер одесса адрес,86
прекращение запоя на дому,86
реабилитация алкозависимых киев,86
клиники для алкоголиков киев,87
лечение наркомании в киеве,87
клиники кодирования от алкоголизма в киеве,88
консультація нарколога одеса,88
лечение интоксикации киев,88
лечение от алкоголизма стационар киев,88
лечения наркомании киев,88
лікування наркоманії київ ціна,88
клиника для наркозависимых киев,90
лечение от алкоголизма цены,90
медикаментозное лечение алкогольной зависимости,90
прокапать после пьянки,90
клиники кодирования,92
лечение алкоголизма киев цена,92
закодировать от алкоголя киев,93
кодирование от алкоголя в киеве,93
наркологічний центр одеса,93
стационарное лечение алкоголизма киев,93
закодировать от алкоголя в киеве,94
лечение алкоголизма в киеве цены,94
лечение наркозависимых киев,95
лечение от алкоголизма киев цена,95
укол от алкоголизма киев,95
центр лечения наркомании киев,95
лечение от наркозависимости киев,96
лікування від алкоголізму в києві,97
кодирование по методу довженко киев,98
лечение алкоголизма отрадное,98
клиника лечения панических атак,99
