dobro medical,1
абстиненції,1
вывести из запоя одесса,1
вывод из запоя одесса,1
від похмілля ліки,1
добро медикал,1
добромед,1
как проходит консультация у психиатра,1
медичний центр добромед,1
алкоголізм,2
анальгин,2
анальгин инструкция,2
бетаргін,2
вывод из запоя на дому одесса,2
від похмілля,2
добробут,2
как быстро вывести алкоголь из организма,2
кодировка от курения одесса,2
лечение алкоголизма в стационаре одесса,2
лечение алкоголизма одесса,2
лечение зависимости в одессе,2
признаки нового вируса 2026,2
регідрон при похміллі,2
тетурам инструкция,2
тетурам інструкція,2
phq 9 тест,3
алкогольна епілепсія симптоми,3
алкогольна інтоксикація,3
алкогольне отруєння що робити,3
алохол як приймати,3
анальгин от чего,3
аналізи не виходячи з дому одеса,3
бетаргін від чого,3
добро мед,3
діагноз f43.2 що означає,3
ибупрофен и алкоголь,3
ибупрофен на похмелье,3
как бросить пить,3
как восстановить серотонин после наркотиков,3
кетанов для чого,3
кодировка от алкоголя одесса,3
копытень растение,3
лечебница для алкоголиков одесса,3
ломка від метадону,3
нарколог одесса,3
наркологическая клиника одесса,3
новая вирусная инфекция 2026,3
остання стадія алкоголізму,3
паллиативная служба,3
порушення адаптації,3
прегабалин наркотик или нет,3
розлад адаптації це,3
стадії алкоголізму,3
таблетки от похмелья,3
тетурам,3
що випити від похмілля таблетки,3
як швидко вийти з похмілля,3
f43.2 порушення адаптації,4
алкоголизм лечение одесса,4
алкогольна амнезія,4
антипохмільні засоби,4
аритмия после алкоголя форум,4
ибупрофен от похмелья,4
клиника лечения алкоголизма одесса,4
левофлоксацин через сколько можно пить алкоголь,4
лечение наркомании одесса,4
нарколог вывод из запоя одесса,4
наркологическая клиника добро,4
терапія залежності,4
терапіязалежності,4
укол дисульфіраму в одесі,4
укол дисульфіраму одеса,4
что за вирус сейчас ходит 2026,4
абстинентний синдром скільки триває,5
абстинентный синдром сколько длится,5
алкогольная кардиомиопатия лечение,5
алкогольная полинейропатия лечение дома,5
анальгин от похмелья,5
анальгин при похмелье,5
аналізи на дому центр одеси,5
від похмілля таблетки,5
как алкоголь влияет на женский организм,5
кратом,5
кратом одесса,5
лечение алкогольной зависимости в одессе,5
лечение алкогольной зависимости одесса,5
парацетамол помогает от похмелья,5
порушення адаптації f43.2,5
порушення адаптації мкх 10,5
розлад адаптації,5
симптомы вируса 2026,5
скільки триває синдром відміни алкоголю,5
чем опасны транквилизаторы,5
як відновити серце після алкоголю,5
ібупрофен від похмілля,5
ібупрофен при головній болі на похмілля,5
ібупрофен при похміллі,5
f43. 2,6
f43.2,6
f43/2,6
алкогольная кардиомиопатия смерть,6
алкогольная нейропатия лечение,6
алкогольная полинейропатия прогноз,6
аритмия после алкоголя,6
аритмия после алкоголя что делать,6
ацетальдегид как вывести из организма,6
болит сердце после запоя,6
боль в сердце после алкоголя,6
високий тиск після запою,6
гипоманиакальная фаза,6
діагноз f43.2,6
ибупрофен с похмелья,6
карантин аналізи на дому одеса,6
клиника добро,6
кодирование от алкоголизма одесса,6
кодирование от алкогольной зависимости одесса,6
кодировка от алкоголя в одессе,6
лечебницы от алкоголизма одесса,6
лечение алкогольной нейропатии,6
лечение от алкоголизма в одессе,6
лечение от алкоголя одесса,6
может ли окр пройти само,6
нитазен,6
нурофен при похмелье,6
обезболивающее при похмелье,6
паллиативная медицина,6
паллиативная помощь это,6
парацетамол при похмелье,6
после алкоголя болит сердце,6
розлад адаптації f 43.2,6
синдром отказа от жизни,6
сколько длится абстинентный синдром,6
скільки триває синдром відміни прегабаліну,6
что выводит алкоголь из организма,6
что вымывает алкоголь из организма,6
что ускоряет выведение алкоголя из организма,6
яку таблетку випити від голови після алкоголю,6
f43 2,7
алкогольная полинейропатия нижних конечностей,7
алкогольная полинейропатия сколько живут,7
анальгин от похмелья помогает,7
болит сердце после алкоголя,7
"болит сердце после алкоголя, что принять",7
вывод из запоя на дому в одессе,7
кодировка от наркотиков одесса,7
левофлоксацин и алкоголь форум,7
лечение алкоголизма в одессе,7
лечение алкоголизма клиника,7
лечение алкозависимости одесса,7
лечение от алкоголизма одесса,7
паллиативная помощь,7
паллиативное отделение одесса,7
парацетамол от похмелья,7
порушення адаптації (f43 2 влк),7
регидрон при похмелье,7
розлад адаптації мкх,7
розлад адаптації мкх 10,7
самый безопасный наркотик,7
симптомы нового вируса 2026,7
таблетки від головного болю при похміллі,7
таблетки при похмелье от головы,7
чи можуть боліти ноги від алкоголю,7
чому болять ноги після алкоголю,7
чому після алкоголю болять ноги,7
что выводит алкоголь,7
что лучше всего выводит алкоголь из организма,7
что хорошо выводит алкоголь из организма,7
як зійти з прегабаліну,7
f 43.2,8
"f43,2",8
абстинентний синдром при алкоголізмі,8
алкоголизм одесса,8
алкогольна кардіоміопатія це,8
алкогольная кардиомиопатия симптомы,8
алкогольная полинейропатия симптомы,8
алкогольная полинейропатия форум,8
анальгин после алкоголя,8
аугментин и алкоголь через сколько,8
болит сердце после алкоголя форум,8
болит сердце после алкоголя что принять,8
виклик нарколога додому одеса,8
доксициклин и алкоголь форум,8
енцефалопатія алкогольна,8
замовити аналізи на дому одеса,8
как восстановить сердце после алкоголя,8
кодирование от алкоголизма анонимно одесса,8
кратом растение,8
кратом це,8
лечение наркозависимости в одессе,8
лечение наркозависимых одесса,8
медицинский центр добро,8
можно безалкогольное пиво при антибиотиках,8
можно ли безалкогольное пиво при антибиотиках,8
можно ли пить безалкогольное пиво с антибиотиками,8
нарколог на дом одесса,8
наркологическая помощь одесса,8
наркологический центр добро,8
нитазены,8
паллиативная помощь одесса,8
паллиативное отделение,8
парацетамол після алкоголю,8
при антибиотиках можно пить безалкогольное пиво,8
після алкоголю болять ноги,8
регідрон після алкоголю,8
розлад адаптації лікування,8
розлад адаптації мкх-10,8
синдром вины,8
синдром праздничного сердца,8
хочется алкоголя чего не хватает,8
частные клиники одесса таирово,8
чи можна пити парацетамол після алкоголю,8
что выводит алкоголь из крови,8
7 днів без алкоголю,9
алкоголь и антибиотики таблица,9
алкогольна енцефалопатія,9
алкогольна кардіоміопатія симптоми,9
алкогольна полінейропатія нижніх кінцівок,9
алкогольна полінейропатія симптоми,9
алкогольная кардиомиопатия,9
алкогольная полинейропатия как лечить,9
алкогольная полинейропатия смерть,9
алкогольная энцефалопатия сколько живут,9
аспірин при похміллі,9
аугментин и алкоголь отзывы,9
ацетальдегид сколько выводится из организма,9
безалкогольное пиво и антибиотики форум,9
восстановить сердце после алкоголя,9
выдача метадона на 10 дней одесса,9
глюкоза крові на дому одеса,9
делірій це,9
добро,9
ибупрофен при похмелье,9
как вылечить алкоголизм одесса,9
как убрать боль в ногах после алкоголя,9
какой самый безопасный наркотик,9
кодирование от алкоголизма цена одесса,9
кодировка от алкоголя,9
левофлоксацин и алкоголь,9
лечение алкогольной полинейропатии,9
лечение наркозависимых в одессе,9
лечение от наркомании одесса,9
наркологическая помощь в одессе,9
наркологический центр одесса,9
наркология одесса,9
печуть ноги після випитого пива,9
пивне серце,9
порушення адаптації це,9
почему хочется выпить алкоголь,9
прегабалін звикання,9
прокапаться от алкоголя одесса,9
реабилитационный центр для алкоголиков одесса,9
розлад адаптації симптоми,9
серцебиття після алкоголю,9
синдром відміни прегабаліну,9
сколько времени нужно для детоксикации организма от алкоголя,9
сколько после антибиотиков нельзя пить алкоголь,9
снятие алкогольной интоксикации одесса,9
таблетки від похмілля відгуки,9
тахікардія після алкоголю що робити,9
центр добро,9
чи можна пити таблетку від голови після алкоголю,9
що таке розлад адаптації,9
як замовити здачу аналізів вдома в одесі,9
як заспокоїти серце після алкоголю,9
f43 2 диагноз,10
абстинентний синдром,10
алкогольна енцефалопатія лікування,10
алкогольна енцефалопатія симптоми,10
алкогольна кардіоміопатія,10
алкогольна нейропатія симптоми,10
алкогольна полінейропатія,10
алкогольная ломка,10
алкогольная нейропатия симптомы,10
алкогольная полинейропатия фото,10
алкогольний абстинентний синдром,10
антипохмільні препарати,10
аспірин після алкоголю,10
болят ноги после алкоголя,10
бурштинова кислота після алкоголю,10
взяття аналізів на дому одеса,10
вина выжившего,10
вывод из запоя,10
до змін в яких ділянках мозку найбільше призводить вживання пар,10
здати всі аналізи не виходячи з дому,10
ибупрофен после алкоголя,10
клиника лечение наркомании одесса,10
кодирование от алкоголизма,10
кодирование от алкоголя одесса цена,10
кодировка от алкоголя в одессе цена,10
кратом это наркотическое вещество или нет,10
лекарства несовместимые с алкоголем летальный исход,10
лечение алкоголизма цена одесса,10
лечение наркомании в одессе,10
лечение от наркотиков в одессе,10
ліки від похмілля,10
окр передается по наследству,10
помогает ли ибупрофен при похмелье,10
после запоя тяжело дышать,10
психолог одесса онлайн,10
ранкові аналізи вдома одеса,10
регідрон від похмілля,10
симптом грея тернера,10
синдром вины выжившего,10
синдром отложенной жизни это,10
синдром отмены алкоголя сколько длится,10
синдром святкового серця,10
снятие ломки одесса,10
стационарное лечение алкоголизма одесса,10
трамадол и алкоголь совместимость,10
частная наркологическая клиника одесса,10
частный наркологический центр одесса,10
что делать если сильно бьется сердце после алкоголя,10
что такое бар,10
что такое кратом,10
что такое синдром отложенной жизни,10
що випити від головного болю при похміллі,10
що знімає алкогольну інтоксикацію,10
що таке кратом,10
экспресс вывод из запоя одесса,10
эффективное лечение алкоголизма,10
ібупрофен після алкоголю,10
f43.2 диагноз,11
kratom ukraine,11
абстинентний синдром симптоми,11
азитромицин и алкоголь,11
азитромицин и алкоголь совместимость,11
азитромицин и алкоголь через сколько можно пить,11
азитромицин и пиво,11
алкоголизм лечение анонимно,11
алкоголь как антидепрессант,11
алкоголь после антибиотиков через сколько,11
алкоголь при псориазе,11
алкоголь это депрессант или антидепрессант,11
алкогольдегидрогеназа у женщин,11
алкогольна кардіоміопатія лікування,11
алкогольна нейропатія лікування,11
алкогольна поліневропатія,11
алкогольная кардиомиопатия как наступает смерть,11
алкогольная ломка сколько длится,11
алкогольная нейропатия,11
алкогольная полинейропатия,11
алкогольная полинейропатия лечение препараты,11
алкогольная энцефалопатия можно ли вылечить,11
алкогольная энцефалопатия стадии,11
алкогольный делирий симптомы,11
амбулаторное лечение алкоголизма,11
амфетамин одесса,11
анализы круглосуточно,11
анализы на дому одесса,11
анонимная детоксикация,11
анонимная кодировка,11
анонимная кодировка от алкоголизма,11
анонимная консультация нарколога,11
анонимная наркологическая клиника,11
анонимная помощь при алкоголизме,11
анонимно лечение наркомании,11
анонимно наркологическая помощь,11
анонимное лечение от алкоголя,11
анонимный врач нарколог на дом,11
анонимный вывод из запоя на дому,11
анонимный вызов врача нарколога,11
анонимный вызов нарколога,11
анонимный вызов нарколога на дом,11
анонимный вызов нарколога телефон,11
анонимный нарколог на дом,11
антибиотики и алкоголь последствия,11
антибиотики и алкоголь через сколько можно пить,11
антипохмельные препараты,11
аритмія після алкоголю,11
аугментин алкоголь,11
аугментин и алкоголь,11
аугментин и алкоголь форум,11
аугментин можно ли с алкоголем,11
аугментин с алкоголем,11
аугментин совместимость с алкоголем,11
бар это,11
безопасное кодирование от алкоголизма,11
болить серце після алкоголю що робити,11
боль в груди после алкоголя,11
виведення із запою вдома одеса,11
виведення із запою на дому,11
вивитрол,11
вивитрол цена,11
вивитрол цена украина,11
виклик нарколога додому в одесі,11
виїзд нарколога додому одеса,11
влияние алкоголя на женскую половую систему,11
влияние алкоголя на организм женщины,11
восстанавливается ли мозг после наркотиков,11
восстановление организма после алкоголя по дням,11
вплив алкоголю на печінку,11
врач нарколог круглосуточно,11
вред алкоголя для женщин,11
вся правда о кодировании от алкоголизма,11
выведение из запоев на дому одесса,11
выведение из запоя на дому анонимно,11
вывод из запоя в одессе,11
вывод из запоя в стационаре анонимно,11
вывод из запоя в стационаре в одессе,11
вывод из запоя дома,11
вывод из запоя на дому,11
вывод из запоя на дому анонимно,11
вывод из запоя на дому круглосуточно,11
вывод из запоя с выездом на дом цена одесса,11
вызов врача вывод из запоя,11
вызов нарколога,11
вызов нарколога на дом,11
гтр как лечить,11
гіпноз за методом довженка в одесі,11
двойной блок от алкоголя,11
депрессия после отказа от алкоголя форум,11
детокс після алкоголю одеса,11
детоксикация в одессе,11
детоксикация от наркотиков цена,11
дисульфирам вся правда,11
дисульфирам кодирование,11
дисульфирам кодировка,11
дисульфірамоподібна реакція,11
допомога співзалежним одеса,11
забор крови на дому,11
зависимость от кратома,11
закодироваться на дому,11
заместительная терапия одесса,11
запой 5 дней что делать,11
запой это сколько дней,11
здати кров вдома одеса,11
ибупрофен от похмелья сколько пить,11
ибупрофен похмелье,11
как алкоголь влияет на репродуктивную систему женщины,11
как восстановить организм после запоя,11
как долго выходят из запоя,11
как не пить алкоголь если хочется,11
как проявляется зависимость от феназепама,11
как проявляеттся ломка без алкоголя,11
какие продукты выводят алкоголь из организма,11
какой препарат выводит алкоголь из организма,11
капельница от алкоголя круглосуточно на дом,11
кардиомиопатия алкогольная,11
клиника кодирования от алкоголизма одесса,11
когда можно пить алкоголь после антибиотиков форум,11
когда можно пить алкоголь после приема антибиотиков,11
когда можно пить после антибиотиков,11
когда можно пить спиртное после антибиотиков,11
кодирование от алкоголизма двойной блок,11
кодирование от алкоголизма на дому,11
кодировка дисульфирам,11
кодировка на дому от алкоголизма,11
кодировка одесса,11
кодировка от алкоголизма двойной блок,11
кодировка от алкоголизма одесса,11
кодировка эспераль цена,11
кодування за довженком одеса,11
колотится сердце после алкоголя что делать,11
консультация нарколога анонимно,11
консультация психиатра одесса,11
консультація нарколога одеса,11
кратом зависимость,11
кратом лечение,11
кратом украина,11
кратом що це,11
кратом это,11
круглосуточная наркологическая помощь,11
круглосуточный вывод из запоя,11
круглосуточный стационар вывод из запоя,11
легкий наркотик,11
легкі наркотики,11
лечение алкоголизма амбулаторно,11
лечение алкоголизма анонимно,11
лечение алкоголизма анонимно одесса,11
лечение алкоголизма клиники в одессе,11
лечение алкоголизма одесса бесплатно,11
лечение коронавируса Одесса,11
лечение от алкоголизма,11
лечение от алкоголизма цена,11
лечение от наркомании в одессе,11
лечение рпп одесса,11
лечение у аллерголога,11
лечение фантомных болей после ампутации,11
лечение шизофрении в клинике,11
лечить созависимость одесса,11
ломка от кратома,11
лучшее средство от похмелья,11
лікування алкоголізму анонімно одеса,11
лікування амфетамінової залежності одеса,11
лікування героїнової залежності одеса,11
лікування метадонової залежності одеса,11
лікувати співзалежність одеса,11
медицинский центр таирова,11
медичний центр добро,11
метадон купить одесса,11
митрагинин это,11
может ли болеть сердце от алкоголя,11
может ли от алкоголя болеть сердце,11
можно ли алкоголь при псориазе,11
можно ли кодироваться повторно,11
можно ли пить алкоголь на следующий день после антибиотика,11
можно ли пить алкоголь при приеме доксициклина,11
можно ли пить после приема антибиотиков,11
можно ли уксус при кодировке,11
на что распадается алкоголь в организме,11
налтрексон кодирование,11
налтрексон отзывы цена,11
налтрексон при алкоголизме,11
налтрексон цена,11
нарколог анонимно,11
нарколог додому в одесі,11
нарколог додому одеса,11
нарколог на дом в одессе,11
нарколог на дом круглосуточно цены,11
нарколог психиатр одесса,11
наркология анонимно,11
наркологічні центри одеса,11
наркологічній реабілітаційний центр ціни на послуги,11
"не помню, как добрался домой после пьянки",11
нікотин це наркотик,11
одесса кодировка от алкоголизма,11
одесса лечение алкоголизма,11
онлайн консультация психотерапевта одесса,11
паллиативная помощь в одессе,11
позитивные симптомы шизофрении,11
полинейропатия алкогольная,11
помощь нарколога круглосуточно,11
помощь созависимым одесса,11
после алкоголя сердцебиение,11
после антибиотиков когда можно пить алкоголь,11
после запоя болит сердце,11
после срыва,11
постабстинентный синдром от алкоголя сколько длится,11
потеря памяти от алкоголя,11
потеря памяти после алкоголя как называется,11
почему болит сердце после алкоголя,11
почему после алкоголя ничего не помнишь,11
почему после пьянки болит сердце,11
почему хочется алкоголь,11
прегабалин это антидепрессант,11
препарат от похмелья,11
препараты для снятия интоксикации,11
при похміллі ліки,11
приватна наркологічна клініка в одесі,11
провалы памяти после алкоголя,11
прокапаться в стационаре,11
профилактика срыва,11
психоневрологический диспансер одесса врачи,11
псориаз и алкоголь,11
після алкоголю болить серце,11
расслабляет ли алкоголь,11
реакция печени на алкоголь,11
родительское выгорание,11
сердцебиение после алкоголя,11
симптомы хантавируса 2026,11
синдром выжившего,11
синдром выжившего это,11
синдром відміни алкоголю,11
синдром непрожитой жизни,11
синдром отложенной жизни,11
синдром отложеной жизни,11
сколько длится алкогольная ломка,11
сколько длится депрессия после отказа от алкоголя,11
сколько длится ломка от алкоголя,11
сколько должно пройти времени после антибиотиков чтобы пить алкоголь,11
сколько нельзя пить алкоголь после антибиотиков,11
сколько нельзя пить после антибиотиков,11
сколько нельзя пить после приема антибиотиков,11
сколько нужно не пить перед кодировкой от алкоголя,11
сколько нужно не пить чтобы закодироваться,11
сколько организм восстанавливается после алкоголя,11
сколько стоит кодировка от алкоголя в одессе,11
скільки можна приймати лірику,11
скільки триває похмілля,11
смертельно опасные сочетания лекарств,11
снятие ломки,11
снятие ломки на дому,11
снятие ломки на дому недорого,11
снятие ломки от кратома,11
снятие ломки от метадона,11
снятие ломок на дому цена,11
снять ломку от метадона,11
созависимость,11
таблетки несовместимые с алкоголем летальный исход,11
таблетки от ломки метадона,11
таблетки от похмелья самые эффективные,11
таблетки после алкоголя,11
тахікардія після алкоголю,11
тиск після алкоголю,11
торпеда от алкоголя,11
торпедо от алкоголизма,11
укол дисульфирама в одессе,11
укол дисульфирама одесса,11
фантомные боли в психологии,11
фантомные ощущения это,11
фантомні болі це,11
центр лечения алкогольной зависимости,11
центр лечения от алкоголизма,11
центр лечения шизофрении,11
цефтриаксон и алкоголь,11
цефтриаксон и алкоголь через сколько можно,11
цефуроксим и алкоголь,11
ципрофлоксацин и алкоголь,11
частный нарколог на дом анонимно,11
частный психиатр одесса,11
через какое время можно пить алкоголь после антибиотиков,11
через какое время после антибиотиков можно алкоголь,11
через сколько дней можно пить алкоголь после антибиотиков,11
через сколько дней можно принимать алкоголь после антибиотиков,11
через сколько дней после антибиотиков можно пить алкоголь,11
через сколько дней после приема антибиотиков можно пить алкоголь,11
через сколько можно алкоголь после антибиотиков,11
через сколько можно пить алкоголь после антибиотика амоксиклав,11
через сколько можно пить алкоголь после антибиотиков,11
через сколько можно пить после антибиотиков,11
через сколько организм восстанавливается после алкоголя,11
через сколько после антибиотика можно пить алкоголь,11
через сколько после антибиотиков можно пить алкоголь,11
через сколько после приема антибиотиков можно пить алкоголь,11
чи можна пити аспірин після алкоголю,11
чи можна поправитись від прегабаліну,11
чи є нікотин наркотиком,11
что значит запой,11
что нейтрализует алкоголь,11
что нейтрализует алкоголь в крови,11
что такое запой у человека,11
что такое синдром выжившего,11
шо таке кратом,11
що виводить алкоголь з організму,11
що найкраще допомагає від похмілля,11
що прискорює виведення алкоголю з організму,11
що таке фантомні болі,11
эмоциональное выгорание мамы симптомы,11
эффект отложенной жизни,11
адреса зпт в одессе,12
азитромицин с алкоголем,12
алкоголизм центр,12
алкоголь депресант,12
алкогольна абстиненція,12
алкогольна нейропатія,12
алкогольная энцефалопатия,12
амбулаторное лечение шизофрении,12
анализы одесса цены,12
анонимная сдача анализов,12
анонимно закодироваться от алкоголя,12
безалкогольное пиво после антибиотиков,12
болит сердце после пьянки,12
вартість лікування співзалежності одеса,12
выведение из запоя анонимно,12
выведение из запоя круглосуточно,12
вывести из запоя анонимно,12
вывод из запоя в стационаре одесса,12
вывод из запоя кодирование одесса,12
вывод из запоя на дому одесса цена,12
вызов нарколога анонимно,12
вызов нарколога на дом анонимно,12
вызов нарколога на дом круглосуточно недорого,12
вызов нарколога на дом телефон,12
від похмілля що випити,12
гіпноз за методом довженка одеса,12
двойной блок от алкоголизма,12
декстрометорфан наркоманы,12
детоксикация после наркотиков,12
добро клиник,12
запись к психиатру одесса,12
засоби від похмілля,12
изменение психики 3 месяца без алкоголя,12
клиника наркологическая одесса,12
когда можно алкоголь после антибиотиков,12
кодирование одесса,12
кодирование от алкоголя на дому одесса,12
кодировка от алкоголизма в одессе цены,12
кодування за довженком в одесі,12
консультация психиатра в одессе,12
ломки от алкоголя,12
лікування алкоголізму одеса,12
метадоновая программа в одессе,12
наркологический центр,12
наркологічний реабілітаційний центр ціни на послуги,12
пиво после антибиотиков,12
помощь нарколога анонимно,12
почему нельзя смешивать алкоголь и антибиотики,12
прегабалін з алкоголем,12
препараты для кодирования от алкоголя,12
при антибиотиках можно пить пиво,12
провалы в памяти после алкоголя,12
прокапать от запоя на дому,12
психиатр одесса,12
псориаз от алкоголя,12
реабилитационный центр от алкоголизма одесса,12
сколько восстанавливается организм после длительного запоя,12
сколько действует кодировка дисульфирамом,12
сколько стоит закодироваться от алкоголя в одессе,12
терапія залежностті,12
укол от аллергии навсегда,12
укол от сезонной аллергии,12
услуги психиатра одесса,12
фантомные боли,12
фантомные боли неврология,12
центр алкогольной зависимости,12
центр лечения наркомании в одессе,12
что быстро выводит алкоголь из организма,12
что значит фантомные боли,12
что такое созависимость,12
алкогольна полінейропатія лікування,13
алкогольная энцефалопатия прогноз,13
алкогольний делірій мкх 10,13
алкогольний цироз печінки симптоми,13
алкогольный панкреатит симптомы,13
анонимное лечение от наркотиков,13
выведение из запоя капельница на дому,13
выведение из запоя на дому одесса,13
вывод из запоя врач на дом,13
вывод из запоя с выездом на дом одесса,13
вызвать капельницу от запоя на дому,13
депрессия после отказа от алкоголя,13
детоксикация на дому одесса,13
закодировать от алкоголя в одессе,13
закодироваться от алкоголя одесса,13
закодироваться от алкоголя одесса цена,13
запой как выйти,13
здати аналізи вдома одеса,13
как восстановить память после пьянки,13
как восстановить серотонин,13
как вывести лирику из организма в домашних условиях,13
как правильно выходить из запоя,13
капельница на дому одесса,13
клиника от алкоголизма в одессе,13
клиника. лечения. алкоголизма,13
кодирование от алкоголизма в одессе одеса одеська область,13
кодировка дисульфирамом,13
кодировка от алкоголя двойной блок,13
кодировка от курения,13
консультация психотерапевта одесса,13
кратом побочные эффекты,13
лечение алкоголизма услуги,13
лечение от алкогольной зависимости,13
лечение от запоя на дому,13
лечение фантомной боли,13
лікування співзалежності одеса,13
медицинский центр наркология,13
можно ли кодироваться при сахарном диабете,13
можно ли пить в месячные алкоголь,13
наркологічний центр одеса ціна,13
печеночные пробы после алкоголя,13
подшивка от алкоголизма одесса,13
подшивка от алкоголя в одессе,13
подшивка от алкоголя одесса,13
почему нельзя пиво с антибиотиками,13
почему ничего не помнишь после пьянки,13
почему человек не помнит после пьянки,13
психиатры одесса,13
расстройство адаптации симптомы,13
сколько выводятся токсины после алкоголя,13
сколько длится абстиненция,13
сколько длится реабилитация наркоманов,13
снятие алкогольной интоксикации на дому одесса,13
центры лечения алкогольной зависимости,13
эспераль подшивка,13
алкогольная аддикция,14
алкогольные ломки,14
алкоголізм лікування одеса,14
анализ крови на дому,14
аналізи вдома ціна одеса,14
аналізи на дому одеса,14
аналізи на дому суворовський район,14
анонимное лечение от алкоголизма,14
виведення із запою в стаціонарі в одесі,14
врач на дом капельница от запоя,14
вред алкоголя,14
выведение из запоя на дому,14
выведение из запоя недорого,14
вывод запоя на дому,14
вывод из запоя дому,14
вывод из запоя на дому телефоны,14
вывод из запоя одесса цена,14
выезд на дом нарколога,14
вызвать нарколога на дом срочно,14
вызвать наркологическую помощь на дом,14
вылечить алкоголизм одесса,14
гипноз от алкоголизма одесса,14
детоксикація від наркотиків одеса,14
детоксикація на дому одеса,14
закодироваться от алкоголя цены,14
как бросить прегабалин форум,14
клиника лечение алкоголизма,14
клиника от алкоголизма одесса,14
клиники для лечения алкоголизма,14
кодирование от алкоголизма в одессе,14
кодировка от алкоголизма в одессе,14
кратом что это,14
лечение алкоголизма,14
лечение алкоголизма одесса цена,14
лечение алкоголизма стационарно,14
лечение женского алкоголизма одесса,14
лечение наркоманов в одессе,14
лечение от алкогольной зависимости одесса,14
ломка алкоголика,14
налтрексон от алкоголизма,14
нарколог выведение из запоя,14
регулярні аналізи вдома одеса,14
фантомная боль лечение,14
центр для алкоголиков,14
центр лечения алкоголизма в одессе,14
чай кратом побочные эффекты,14
частная клиника от алкоголизма,14
алкоголизм диагноз,15
алкоголизм психолог одесса,15
алкогольная энцефалопатия симптомы,15
аналізи всій родині вдома одеса,15
анонимное лечение алкоголизма,15
анонимный вызов врача нарколога на дом,15
быстрый вывод из запоя в стационаре,15
виведення із запою з виїздом додому одеса,15
выведение из запоя на дому наркология,15
вывести из запоя на дом,15
вывод из запоя в стационаре,15
вывод из запоя с выездом на дом в одессе,15
вывода из запоя 24,15
вызов нарколога домой,15
зависимость алкоголизм,15
капельницы на дому одесса,15
клиника лечения алкоголизма в одессе,15
клиники для алкоголиков,15
кодирование алкоголизма одесса,15
кодирование от алкоголизма в одессе цена,15
кодирование от наркомании одесса,15
кодирование уколом,15
кодування від алкоголю ціна одеса,15
коронавирус возвращается,15
крапельниця від алкоголю ціна в одесі,15
лечение алкоголизма наркология,15
лечение от алкоголя в одессе,15
лучший психиатр одесса,15
лікування залежності від солі одеса,15
налтрексон алкоголизм,15
наркологическая клиника в одессе,15
наркологические клиники одессы,15
подшить от алкоголизма в одессе,15
психологічна допомога алкозалежному в одесі,15
психологічна допомога алкозалежному одеса,15
снятие ломки в одессе,15
снятие метадоновой ломки,15
співзалежність лікування одеса,15
укол от алкоголизма цена одесса,15
что такое фантомные боли,15
4 стадии алкоголизма,16
4 стадия алкоголизма симптомы,16
анонимная помощь нарколога,16
анонимное кодирование от алкоголизма,16
анонимные наркоманы одесса,16
бесплатный реабилитационный центр для наркоманов одесса,16
виведення із запою на дому одеса,16
врач нарколог на дом одесса,16
вывод из запоя выезд на дом,16
вывод из похмелья на дому,16
вызвать нарколога на дом анонимно,16
вызов нарколога на дом одесса,16
вызов нарколога одесса,16
выход из запоя анонимно,16
запой,16
имплантация препарата эспераль,16
имплантация эспераль,16
капельница в руке дома,16
капельница при алкогольной интоксикации на дому,16
клиника анонимного лечения от алкоголизма одесса,16
кодирование от алкоголизма одесса цена,16
кодировка от алкоголизма на дому,16
кратом легальность,16
кратом польза,16
кратом рослина,16
круглосуточный нарколог,16
купить соли для курения,16
лечение алкоголизма в одессе отзывы,16
лечение алкоголизма гипнозом одесса,16
лечение алкозависимости в одессе,16
лечение фантомных болей,16
лікування героїнової залежності,16
медицинские центры лечения алкоголизма,16
наркологические клиники одесса,16
первая помощь при запое,16
полінейропатія алкогольна,16
послуги кодування одеса,16
прием анализов одесса,16
психолог від алкоголізму в одесі,16
психотерапия в одессе,16
реабілітація алкозалежних в одесі,16
снять ломку на дому,16
фантомные боли лечение,16
центр лечения алкоголизма одесса,16
центр лечения алкоголиков,16
центры кодирования от алкоголизма,16
центры лечения от алкоголизма,16
что такое запой,16
швидка наркологічна допомога одеса,16
адреса лечения алкоголизма,17
алкоголь это депрессант,17
алкогольна невропатія,17
алкогольная зависимость лечение одесса,17
аналізи вдома стара аркадія,17
аналізи вдома таїрова одеса,17
анонимно лечение алкоголизма,17
анонимное лечение наркомании,17
анонимный нарколог,17
ацетальдегид сколько выводится,17
безопасный вывод из запоя цены,17
взятие анализов на дому,17
виведення із запою амбулаторно в одесі,17
виведення із запою в одесі,17
виведення із запою в стаціонарі одеса,17
виведення із запою вдома в одесі,17
виїзд для забору аналізів у вихідні одеса,17
врач нарколог на дом,17
выведение из запоя на дому срочно,17
выведение из запоя одесса,17
вывод из запоя амбулаторно,17
вывод из запоя анонимно,17
вывод из запоя и кодирование на дому,17
вывод из запоя круглосуточно,17
вывод из запоя с выездом,17
вывожу из запоя на дому,17
выезд нарколога на дом,17
вызвать на дом врача нарколога,17
вызвать нарколога цена,17
вызов нарколога на дом в одессе,17
відновлення організму після алкоголю,17
гіпноз проти алкоголю в одесі,17
детоксикація алкоголю одеса,17
запись на анализы одесса,17
запой вывод из запоя,17
клиника анонимного лечения от алкоголизма в одессе,17
клініка анонімного лікування від алкоголізму в одесі,17
кодирование от алкоголизма эспераль,17
кодировка помогает или нет,17
кодування від алкоголю одеса,17
крапельниця від алкоголю ціна одеса,17
лечение алкоголизма гипнозом в одессе,17
лечение алкоголизма одесса цены,17
лечение амфетаминовой зависимости одесса,17
лечение от алкогольной зависимости в одессе,17
лікування алкогольної залежності в одесі,17
нарколог в одессе,17
нарколог капельницу на дому,17
нарколог на дом вызвать,17
наркологический центр в одессе,17
наркотична співзалежність лікування одеса,17
прегабалин и похудение,17
прокапати від алкоголю одеса,17
психологічна допомога при алкоголізмі одеса,17
реабилитационный центр для алкозависимых одесса,17
реабилитация зависимых,17
реабілітація наркозалежних одеса,17
сдать анализы,17
симптомы запоя,17
сколько времени нельзя пить алкоголь после антибиотиков,17
суицид,17
таблица совместимости наркотиков,17
укол от алкоголизма одесса,17
химическая блокада алкоголизма,17
центр реабілітації алкозалежних в одесі,17
аналізи в офіс виїзд одеса,18
анонимная помощь алкоголикам,18
анонимное лечение алкоголиков,18
аугментин и алкоголь совместимость,18
вивід із запою,18
виїзд для аналізів одеса,18
выведение из запоя на дому цена,18
вывод из запоя амбулаторно одесса,18
вывод из запоя вызов,18
вывод из запоя капельница на дому,18
выезд врача нарколога на дом,18
детоксикация одесса,18
зависимость алкогольная,18
записаться на анализы одесса,18
клиника алкогольной зависимости в одессе,18
клиника алкогольной зависимости одесса,18
клиники от алкоголизма,18
клініка анонімного лікування від алкоголізму одеса,18
кодирование налтрексоном,18
кодирование от алкоголя одесса,18
кодування методом довженка в одесі,18
лікування алкоголізму в стаціонарі одеса,18
найкращий засіб від похмілля,18
нарколог консультация в одессе,18
подшивание от алкоголизма в одессе,18
подшить от алкоголизма одесса,18
психологическая помощь алкозависимому в одессе,18
психологическая помощь при алкоголизме одесса,18
психологічне кодування від алкоголізму одеса,18
підшивка від алкоголю на дому одеса,18
расстройство адаптации,18
реабилитационный центр для алкоголиков в одессе,18
реабилитационный центр от алкоголизма в одессе,18
симптомы алкоголизма,18
снятие ломки наркомана,18
стационарное лечение алкоголизма,18
торпеда от алкоголизма,18
цена кодировки от алкоголизма,18
центр лікування алкоголізму в одесі,18
центр лікування від алкоголізму в одесі,18
частный нарколог одесса,18
амбулаторное лечение это,19
аналізи біля дому одеса,19
анонимное лечение алкоголизма стоимость,19
анонимное лечение алкогольной зависимости,19
виведення із запою з виїздом додому в одесі,19
виклик нарколога додому,19
врач на дом вывод из запоя,19
врач нарколог в одессе,19
врач нарколог одесса,19
вывод из запоя амбулаторно в одессе,19
выезд нарколога,19
выход из запоя на дому,19
где можно закодировать от алкоголизма,19
делірій,19
дисульфирам укол внутримышечно,19
зняття ломки одеса,19
клиника для алкозависимых в одессе,19
клиника для наркоманов,19
кодирование от курения одесса,19
кодування за методом довженка в одесі,19
купирование абстинентного синдрома при наркомании,19
лечение алкоголизма цена в одессе,19
лечение наркотической зависимости одесса,19
ломка от алкоголя,19
лікар нарколог в одесі,19
лікування алкоголізму стаціонар одеса,19
лікування від алкогольної залежності в одесі,19
нарколог врач на дом,19
наркологический центр одесса цена,19
одесса лечение наркомании,19
подшить от алкоголя одесса,19
признаки алкоголизма,19
проблемы от алкоголя,19
психологическая реабилитация от алкоголизма одесса,19
психологическое кодирование алкоголизма в одессе,19
психологическое кодирование алкоголизма одесса,19
психологічна реабілітація від алкоголізму одеса,19
психологічне кодування алкоголізму в одесі,19
реабилитация алкозависимых в одессе,19
реабілітаційний центр від алкоголізму одеса,19
реабілітація наркоманів,19
сдать анализы на таирова,19
скільки коштує закодуватися від алкоголю в одесі,19
скільки коштує закодуватися від алкоголю одеса,19
скільки коштує кодування від алкоголю в одесі,19
скільки коштує кодування від алкоголю одеса,19
центр реабилитации алкоголиков одесса,19
центр реабилитации наркоманов в одессе,19
центр реабілітації алкозалежних одеса,19
центры лечения алкоголизма,19
частные наркологические клиники одесса,19
через сколько времени после приема антибиотиков можно пить алкоголь,19
5 стадия алкоголизма,20
алкогольная детоксикация организма,20
анализы на дому,20
аналізи одеса,20
анонимные алкоголики одесса,20
больница от алкоголизма в одессе,20
врач нарколог выезд на дом,20
выведение из запоя на дому недорого,20
выезд нарколога на дом одесса,20
вызов на дом врача нарколога,20
гинекологические анализы тайирова,20
гипноз по методу довженко в одессе,20
забор анализов на дому оболонь,20
зависимость от алкоголя,20
как понять что человек под кокаином,20
клиника для алкозависимых одесса,20
клініка алкогольної залежності в одесі,20
клініка лікування алкоголізму одеса,20
кодирование алкоголизма в одессе,20
кодирование от наркотиков одесса,20
кодирование по методу довженко одесса,20
кодування методом довженка одеса,20
консультация нарколога на дому,20
лечение алкоголизма больница,20
лечение аллергии,20
лечение налтрексоном,20
лечение наркоманов одесса,20
лікування алкоголізму клініки одеса,20
нарколог на дом круглосуточно,20
очистить организм от алкоголя таблетки,20
первые признаки алкоголизма,20
прокапатися від алкоголю в одесі,20
прокапатися від алкоголю одеса,20
психологічне кодування від алкоголізму в одесі,20
психотерапевт одесса консультация,20
реабілітаційний центр від алкоголізму в одесі,20
реабілітація алкозалежних одеса,20
реабілітація після ковіду одеса,20
сдача анализов одесса,20
химическое кодирование,20
центр лечения алкоголизм,20
ціна лікування алкоголізму одеса,20
анонимное лечение от наркозависимости,21
больница от алкоголизма одесса,21
виведення з запою на дому одеса,21
виведення зі запою одеса,21
вывести из запоя капельница,21
вывод из запоев,21
гіпноз від алкоголізму в одесі,21
дисульфирам инъекции,21
закодироваться от алкоголя в одессе,21
клиника кодировки от алкоголя,21
клініка лікування алкоголізму в одесі,21
кодирование алкоголизма уколом,21
кодирование алкоголизма цены,21
кодування алкоголізму в одесі,21
кратом это наркотик,21
лечение алкоголизма в одессе цена,21
лікар нарколог одеса,21
лікування алкоголізму ціна одеса,21
лікування алкозалежності в одесі,21
подшить от алкоголя в одессе,21
реабилитация после запоя,21
сдача анализов на дому,21
состав капельницы для очистки крови от наркотиков,21
тест на зависимость,21
торпедо укол от алкоголизма цена,21
цена кодирования,21
центр лечения от алкоголизма в одессе,21
центр лечения от алкоголизма одесса,21
центр реабилитации алкоголиков в одессе,21
центр реабилитации алкозависимых в одессе,21
центр реабилитации алкозависимых одесса,21
центр реабилитации наркозависимых одесса,21
ціна виклику нарколога одеса,21
ціна кодування від алкоголю в одесі,21
эспераль цена одесса,21
анонимное лечение наркомании в одессе,22
вивести із запою одеса,22
вывод из запоя на дому капельница,22
вызов на дом нарколога цена,22
кодирование от алкоголизма в одессе отзывы,22
кодирование от алкоголизма одесса по методу довженко,22
кодировка от героина,22
лечение алкоголизма клиники одесса,22
метадон ломка,22
приватні наркологічні клініки одеса,22
сдать анализы одесса,22
созависимость это,22
анализы одесса,23
анонимная наркологическая помощь на дому,23
вывод из запоя в больнице,23
вызов врача на дом вывод из запоя,23
капельница от запоя на дому круглосуточно,23
капельница от запоя одесса,23
кодирование на дому,23
лечение алкоголизма центр,23
лечение нервной булимии,23
лечения наркозависимости одесса,23
нарколог анонимно на дом,23
нарколог консультация одесса,23
подшивка от алкоголизма,23
признаки нервной булимии,23
реабилитация наркозависимых в одессе,23
сколько стоит капельница от алкоголя,23
сколько стоит кодировка от алкоголя одесса,23
снятие интоксикации на дому,23
хороший нарколог на дом,23
виведення з запою одеса,24
закодувати від алкоголю одеса,24
кодирование методом довженко одесса,24
кодировка на дому,24
лечение алкоголизма одесса довженко,24
лечение наркозависимости одесса,24
лечение наркомании в одессе цена,24
выведение из запоя наркология,25
кодирование от алкоголизма одесса по методу довженко цена,25
лечение коронавируса 2025,25
листья кратома,25
прокапать от алкоголя в одессе,25
реабилитация алкоголиков,25
врач вывод из запоя,26
вызов врача на дом от запоя,26
помощь при птср,26
прокапать от алкоголя одесса,26
амбулаторное лечение,27
виведення із запою одеса,27
выведение из запоя на дому круглосуточно,27
закодировать от алкоголя одесса,27
закодувати від алкоголю в одесі,27
запой это,27
лечебница от алкоголизма,27
налтрексон отзывы алкоголиков,27
реабілітація одеса,27
сколько длится ломка от прегабалина,27
булимия симптомы признаки,28
вилікувати алкоголіка одеса,28
вплив наркотиків на нервову систему,28
вывести из запоя капельница на дому,28
дисульфирам,28
закодуватися від алкоголю одеса,28
лікування наркоманії в одесі,28
наркологічна клініка в одесі,28
прекращение запоя на дому,28
реабилитационный центр алкоголизм в одессе,28
сколько длится ломка от метадона,28
частные наркологические клиники,28
кодирование от алкоголизма уколом,29
кодирование от алкоголя в одессе,29
кодирование торпедо,29
ломка от метадона,29
лікування булімії,29
реабилитация наркозависимых,29
реабілітаційний центр для алкозалежних в одесі,29
больница для алкоголиков,30
гипноз против алкоголя в одессе,30
горячий укол от алкоголизма цена одесса,30
лікування від залежності одеса,30
підшити від алкоголізму в одесі,30
вывод из запоя на дому срочно,31
закодуватися від алкоголю в одесі,31
закодуватися від алкоголю одеса ціна,31
как распознать булимию,31
капельница на дому вывод из запоя,31
психологічна реабілітація від алкоголізму в одесі,31
булимия симптомы и лечение,32
дисульфирам подшивка,32
женский алкоголь,32
лечение запоя на дому,32
лечение от алкоголизма клиника,32
лечение от алкоголизма на дому,32
лікування алкоголізму в одесі,32
подшивка эспераль,32
підшивка від алкоголю одеса,32
підшивка від алкоголізму одеса,32
реабілітаційний центр алкоголізм одеса,32
услуги кодирования одесса,32
вывод из запоя на дому недорого,33
вызвать вывод из запоя,33
зашить алкоголика,33
капельница от алкоголя одесса,33
клініка для алкозалежних одеса,33
лечение героиновой зависимости одесса,33
помощь созависимым,33
укол от алкоголизма внутримышечно,33
уколы для кодировки от алкоголизма,33
частный нарколог в одессе,33
вывод из запоя клиника,34
закодироваться от алкоголя на дому,34
клиника алкоголизма,34
кодування від алкоголізму одеса,34
лечение для наркоманов одесса,34
лечение созависимости,34
лікування чоловічого алкоголізму одеса,34
наркологія одеса,34
прокапаться от наркотиков,34
снятие наркотической ломки,34
что такое амбулаторное лечение,34
эспераль кодировка,34
вывести из запоя на дому,35
запой нарколог дом,35
кодирование эспераль,35
кодування алкоголізму одеса,35
наслідки булімії,35
снятие запоев на дому,35
что такое булимия симптомы,35
вывод из запоя на дому отзывы,36
лечение от метадона,36
лечение от созависимости,36
лечить наркомана одесса,36
лікарня від алкоголізму одеса,36
печень и алкоголь,36
прокапывание от алкоголя на дому,36
центр лікування алкоголізму одеса,36
булімія лікування,37
кодування гіпнозом в одесі,37
наркологический центр цены,37
наркологічна клініка одеса,37
наркоцентр одесса,37
нервова булімія це,37
помощь наркозависимым одесса,37
созависимость лечение,37
вызов врача на дом капельница от запоя,38
детоксикация от алкоголизма,38
детоксикация от алкоголя на дому,38
детоксикация после запоя,38
инъекция от алкоголизма,38
кодирование от алкоголя на дому,38
кодування торпедо,38
вывод из запоя вызвать на дом,39
вылечить наркомана одесса,39
кодирование на дому от алкоголизма,39
лечение наркомании одесса отзывы,39
медицинская реабилитация наркозависимых,39
нарколог на дом анонимно,39
психолог від алкоголізму одеса,39
реабилитация наркозависимых одесса,39
кодировка от алкоголя одесса отзывы,40
кодування від алкоголізму в одесі,40
кодування гіпнозом одеса,40
кодування за методом довженка одеса,40
консультация нарколога одесса,40
лечение наркомании амбулаторно,40
лікування наркоманів одеса,40
нарколог на дом 24 часа,40
наркологический диспансер прейскурант цен,40
наркологический центр цена,40
очищення печінки від алкоголю,40
прерывание запоя на дому,40
серотонінова яма це,40
сколько стоит нарколог,40
ціна кодування від алкоголю одеса,40
эйфорический экстаз,40
эспераль кодирование,40
быстрый вывод из запоя,41
детоксикация цена,41
зняття ломки миколаїв,41
кодировка от алкоголя уколом,41
кратом наркотик,41
лечение алкогольная зависимость,41
лечение героиновой зависимости,41
лечение шизофрении цена,41
лікування залежності від метадону,41
обрыв запоя на дому,41
прокапаться на дому,41
реабилитации наркозависимых,41
капельница от наркотиков,42
лечение запоев на дому,42
лечение от героина,42
нарколог дом,42
нарколог на дом,42
булімія симптоми,43
виведення з запою,43
лікування алкоголізму гіпнозом одеса,43
лікування від алкоголізму одеса,43
препараты от нервной булимии,43
швидкий вихід з запою,43
алкоголизм лечение кодирование,44
анонимная наркологическая помощь,44
анонімне лікування наркоманії в одесі,44
кодировка от алкоголя цена одесса,44
кодування наркоманії одеса,44
лікування жіночого алкоголізму одеса,44
подшивка от алкоголизма в одессе,44
підшити від алкоголізму одеса,44
что такое метадон,44
вывод из запоя вызвать нарколога,45
вывод из запоя вызов врача на дом,45
"как узнать, есть ли в организме дисульфирам",45
кодування від наркоманії одеса,45
лечение созависимости 12 шагов,45
наркология вывод из запоя на дому,45
после реабилитации наркоман,45
симптоми булімії,45
цена лечения алкоголизма одесса,45
частная клиника лечение от метадона,45
вызов анонимного нарколога,46
детокс от метадона киев,46
доктор нарколог вывод из запоя на дому,46
кодировка от алкоголя выезд на дом,46
кодування від наркотиків одеса,46
лікування алкоголізму довженко одеса,46
лікування алкозалежності одеса,46
лікування наркоманії одеса,46
нарколог на дом вывод из запоя цена,46
наркологическая помощь на дому,46
прокапать на дому от алкоголя,46
прокапать на дому цена,46
сколько стоит вывод из запоя на дому,46
виведення із запою,47
вывод из запоя вызов на дом,47
вывод из запоя кодирование на дому,47
запой на дому,47
кодирование гипнозом одесса,47
кодирование методом довженко в одессе,47
кодирование методом эспераль,47
кодирование от наркозависимости одесса,47
кодування наркозалежних одеса,47
крапельниця від алкоголю одеса,47
лечение птср,47
лечение шизофрении,47
снятие запоя,47
снять ломку,47
центр детоксикации,47
булімія як лікувати,48
горячий укол от алкоголизма одесса,48
клініка від алкоголізму одеса,48
кодирование двойной блок киев,48
кодування ціна одеса,48
лучший центр лечения алкоголизма,48
маскообразное лицо при шизофрении,48
на дом врача нарколога запой,48
скорая помощь вывод из запоя,48
срочное выведение из запоя,48
12 шагов избавления от созависимости,49
анализ крови дешево,49
вызов нарколога сколько стоит,49
из запоя на дому,49
кодирование от наркотиков цены,49
кодировка выезд на дом,49
лікування від алкоголю одеса,49
лікування наркоманії центр одеса,49
нарколог цена,49
программа по профилактики срыва,49
прокапаться от алкоголя цена,49
укол против алкоголизма,49
вывод из запоя кодировка на дому,50
вызвать наркологическую скорую помощь,50
группы симптомов птср,50
кодування від наркозалежності ціна одеса,50
метадоновая ломка,50
нарколог круглосуточно,50
наркологический диспансер цены,50
психологическая реабилитация наркоманов,50
підшивання від алкоголізму одеса,50
сколько стоит лечение шизофрении,50
вывод из запоя на дому цены,51
запой помощь нарколога,51
кодировка от алкоголя одесса цена,51
консультация нарколога цена,51
лечение зависимостей,51
лечение от героиновой зависимости,51
лікування наркоманії ціна одеса,51
нарколог цены,51
признаки созависимых отношений,51
снятие похмелья на дому,51
булімія ознаки,52
горячий укол от алкоголизма в одессе,52
кодування від наркозалежності одеса,52
лечение наркозависимых анонимно,52
лікування алкоголізму довженка одеса,52
налтрексон відгуки,52
прокапаться от алкоголя дома,52
алкогольная зависимость лечение,53
детоксикація від алкоголю,53
кодирование по методу довженко в одессе,53
лікування наркоманії стаціонар одеса,53
лікування наркоманії ціни одеса,53
наркологічний центр одеса,53
очищение от наркотиков,53
психологическая реабилитация алкоголиков,53
стоимость лечения в наркологической клинике,53
як наркотики впливають на людину,53
амфетаминовая зависимость,54
анонимная кодировка от алкоголя,54
влияет ли алкоголь на набор веса,54
выезд нарколога на дом круглосуточно,54
вызвать нарколога на дом,54
детоксикация организма после алкоголя,54
лікування наркоманії в одесі ціна,54
нарколог на дом кодирование,54
сколько стоит прокапаться от алкоголя,54
снятия ломки,54
алкогольний цироз печінки,55
выведение из запоев на дому,55
вывод из запоя кодирование,55
вывод из запоя круглосуточно цены,55
вывод из запоя с выездом на дом,55
зависимость от стресса,55
как побороть созависимость в отношениях,55
кодирование наркомании одесса,55
лечение зависимости от героина,55
лікування наркозалежних в одесі,55
лікувати наркоманію одеса,55
методы реабилитации наркозависимых,55
печія від алкоголю,55
побочные действия дисульфирама,55
программа реабилитации алкоголиков,55
вызов нарколога на дом запой,56
лечение наркомании стационар одесса,56
лечение от алкоголя,56
лікування метадонової залежності,56
лікування наркозалежності одеса,56
метадоновая зависимость,56
нарколог вывод из запоя,56
нарколог выезд на дом,56
наркологическая помощь на дому круглосуточно,56
прокапаться от наркотиков на дому,56
реабилитация после лечения алкоголизма,56
частный нарколог на дом,56
что такое созависимость в отношениях,56
избавление от зависимостей,57
лечение игромании одесса,57
лікування алкоголізму одеса ціна,57
нарколог вызов,57
терапия при птср,57
укол от алкоголизма,57
вывод из запоя цена,58
вызвать нарколога,58
вызов врача запой,58
дисульфирам противопоказания,58
лечение наркозависимости анонимно,58
нарколог консультація одеса,58
нарколог на дом недорого,58
психотерапия созависимости,58
стоимость кодирования от алкоголизма,58
вывод из запоя на,59
вызов на дом нарколога,59
залежність від метадону,59
капельница от алкоголя круглосуточно,59
ломка симптоми,59
лікування алкоголізму одеса ціни,59
метадон залежність,59
нарколог домой,59
услуги нарколога,59
анонимное выведение из запоя,60
вартість лікування наркозалежності,60
вызов нарколога круглосуточно,60
запой вывод на дому,60
лечить наркоманию одесса,60
нарколог на дом цена,60
психологическая реабилитация наркозависимых,60
сколько стоит кодирование от алкоголя одесса,60
цена кодирования от алкоголя в одессе,60
вызвать врача нарколога на дом,61
вызвать на дом нарколога,61
зняття ломки,61
капельница от алкоголя цена,61
лікування наркоманів в одесі,61
нарколог на дому,61
наркологическая служба на дом,61
созависимости,61
вывод из запоя на дому самостоятельно,62
вывод из запоя стационар,62
выход из запоя вызов врача на дом,62
детоксикація організму від алкоголю,62
клиника лечение шизофрении,62
лечение метадоновой зависимости,62
медицинский центр лечение алкоголизма,62
нарколог сколько стоит,62
наркологические услуги,62
наркоцентр одеса,62
психологическая помощь при рпп,62
снятие наркотической ломки клиника,62
созависимость наркомания,62
цена кодировки от алкоголя,62
центр алкоголизма,62
анонимно прокапаться от алкоголя,63
вызвать врача нарколога на дом срочно,63
закодироваться от алкоголя в домашних условиях,63
лечение накотической зависимости в одессе,63
лікування алкоголізму вартість миколаїв,63
лікування наркоманії вартість одеса,63
лікувати наркомана одеса,63
медикаментозная кодировка от алкоголя,63
нарколог вызвать на дом,63
наркологические центры одесса,63
реабилитация после наркозависимости,63
алкоголь и набор веса,64
вывод из запоя на дому клиника,64
вызвать врача нарколог,64
вызов врача нарколога на дом,64
вызов нарколога на дом капельница,64
детоксикация на дому,64
детоксикация при наркомании,64
как вызвать нарколога на дом,64
кодирование от алкоголизма выезд на дом,64
нарколога на дом,64
одесса наркологический центр,64
быстрая очистка организма от наркотиков,65
вызвать врача нарколога,65
вызов нарколога цена,65
какой алкоголь самый опасный для печени,65
кодировка от алкоголя цены,65
лікування алкоголізму вартість одеса,65
медикаментозное лечение птср,65
наркология кодировка,65
наркология на дому,65
помощь нарколога на дому,65
помощь от алкоголя,65
реабилитация наркологических больных,65
снять запой на дому капельницами,65
шизофрения лечение,65
алкоголизм лечение,66
вшить торпеду от алкоголизма,66
выезд нарколога круглосуточно,66
вызов врача нарколога,66
двойной блок,66
лечение от метадоновой зависимости,66
нарколог вызов на дом,66
нарколога домой,66
платный нарколог на дом анонимно,66
реабилитация для наркозависимых,66
амбулаторне лікування алкоголізму,67
выведение из запоев,67
клиника лечения алкоголизма и наркомании,67
нарколог на дом клиника,67
наркологическая клиника цена,67
наркология выезд на дом,67
наркология на дому вызов нарколога,67
созависимость в отношениях это,67
созависимость при алкоголизме,67
созависимые,67
вывод из запоя на дому стоимость,68
вызов нарколога недорого,68
детоксикация организма при наркомании,68
диагностика и лечение шизофрении,68
лечение героиновой наркомании,68
лечение зависимости от метадона,68
лечение на шизофрения,68
психиатр нарколог на дом,68
психолог лечение алкоголизма,68
синдром раздраженного кишечника симптомы,68
снятие наркотической ломки на дому,68
кодування методом торпедо,69
лечение алкоголизма вызов на дом,69
лечение шизофрении клиника,69
платный нарколог на дом,69
болезнь шизофрения лечение,70
вживання метадону,70
как лечить посттравматическое стрессовое расстройство,70
клиники лечения алкоголизма наркомании,70
кодирование от алкоголя уколом,70
лечение алкоголизма цена,70
лечение зависимости от солей,70
лечение посттравматического синдрома,70
медикаментозный вывод из запоя,70
сколько стоит лечение в наркологической клинике,70
услуги врача нарколога на дому,70
услуги нарколога на дому,70
вывод из запоя наркология,71
выезд на дом врача нарколога,71
вызов врача нарколога круглосуточно,71
нарколог на дом вывод из запоя на дому,71
наркологические клиники цены,71
сколько стоит закодировать человека,71
булимия фото до и после,72
врач нарколог на дом круглосуточно,72
вшивание эспераль,72
наркологическая клиника на дом,72
посттравматический синдром лечение,72
сколько стоит кодировка от алкоголя,72
услуги наркологической клиники,72
вплив наркотиків на організм людини,73
закодуватися від алкоголю,73
капельница для очистки крови от наркотиков,73
кодирование от алкоголизма анонимно,73
лечение алкоголизма дисульфирам,73
лечение зависимости от соли,73
лечение ломки,73
нарколог в одесі,73
нарколог на дом частный,73
нарколог по вызову,73
наркологическая клиника стоимость,73
почему алкоголь разрушает печень,73
прерывание запоя,73
срочное выведение из запоя на дому,73
центр кодировки,73
лечение от алкоголизма анонимно,74
лечения шизофрении,74
наркологическая клиника цены,74
откапать от алкоголя на дому,74
феномен отложенной жизни,74
лечение от амфетамина,75
наркология вывод из запоя в стационаре,75
птср лечение,75
срочная наркологическая помощь на дому,75
телефон нарколога на дом,75
цена кодирование от алкоголизма,75
анонимная скорая помощь,76
выездные наркологи,76
капельница от похмелья цена,76
лечение наркотической ломки,76
лечение синдрома раздраженного кишечника,76
набор веса от алкоголя,76
наркология в одессе,76
наркологічна поміч на дому,76
детоксикация от наркотиков,77
лечение шизофрении в украине,77
нарколог на дом наркология,77
реабилитация алкоголика,77
вызов наркологической помощи,78
детокс метадон,78
кодування від алкоголю,78
лечение наркомании анонимно,78
нарколога вызвать на дом,78
частный нарколог на дом быстро,78
алкогольна хвороба печінки,79
анонимная реабилитация наркозависимых,79
созависимые отношения,79
вызов нарколога на дом отзывы,80
запой выезд на дом,80
можно ли вызвать нарколога на дом,80
обрыв запоя,80
снятие наркотической интоксикации,80
ставят ли на учет с тревожным расстройством,80
алкоголь кодировка,81
альфа-пвп как вывести из организма,81
лечение лудомании одесса,81
нарколог на дом вывод,81
наркология вывод из запоя,81
признаки амфетаминовой зависимости,81
симптомы птср,81
запой вывод,82
нарколог на дом стоимость,82
опийная наркомания лечение,82
психологическая помощь созависимым,82
шизофрения клиника лечение,82
врач от алкоголизма,83
кодировка от спиртного,83
наркодиспансер одесса адрес,83
центр анонимного лечения наркомании,84
нарколог на дом срочно,85
прокапаться от алкоголя цена на дому,85
лечение амфетаминовой наркомании,86
вывод из запоя на дому киев отзывы,87
вывод из запоя цены,87
дисульфирам побочные эффекты,87
нарколог ровно,87
наркология вызов на дом,87
подшивка ампулы от алкоголизма,87
вызов врача на дом нарколога,88
детоксикация наркозависимых,88
лікування наркоманії анонімно,88
нарколог на дом цены,88
наркологическая помощь на дом,88
вывод из запоя донецк анонимно,89
лечение шизофрении психиатрия,89
убод от метадона,89
симптомы и лечение шизофрении,91
услуги нарколога на дому цена,91
блокада від алкоголізму,92
вызвать нарколога на дом цены,92
лечение и реабилитация наркозависимых,92
небезпека наркотиків,92
скорая помощь при алкоголизме,92
лечение зависимости от амфетамина,95
медикаментозная детоксикация,95
медицинское лечение алкоголизма,96
прокапаться от алкоголя цены,96
вызвать на дом врача нарколога цена,97
вызов нарколога на дом цена,97
лечение от солей,97
снятие ломки киев,97
цифровые гаджеты,97
быстрое снятие ломки,98
программа реабилитации наркоманов,98
фантомно-болевой синдром,99
посттравматический стресс лечение,100
