Популярные страницы,Kлики,Показы,CTR,Позиция
https://dobro-med.od.ua/blog/telegram-boty-zakladki-narkotiki-podrostki/,178,2176,8.18%,6.71
https://dobro-med.od.ua/,83,7186,1.16%,23.13
https://dobro-med.od.ua/blog/soli-v-veype-narkotik-ili-himiya-odnorazki/,44,856,5.14%,8.65
https://dobro-med.od.ua/uk/blog/skolko-dlitsya-lomka-k-alkogolyu/,43,2259,1.9%,5.85
https://dobro-med.od.ua/blog/chem-oblegchit-lomku-ot-metadona/,38,670,5.67%,8.23
https://dobro-med.od.ua/blog/noviy-virus-2026/,32,904,3.54%,5.99
https://dobro-med.od.ua/blog/alkogolnaya-polineyropatiya-simptomy-lechenie/,28,2211,1.27%,8.19
https://dobro-med.od.ua/uk/blog/chem-oblegchit-lomku-ot-metadona/,25,404,6.19%,10.71
https://dobro-med.od.ua/uk/blog/alkogolnaya-kardiomiopatiya/,23,2784,0.83%,6.57
https://dobro-med.od.ua/uk/blog/samyy-effektivnyy-preparat-ot-pohmelya/,21,4011,0.52%,6.89
https://dobro-med.od.ua/uk/blog/pregabalin-lirika-zavisimost-detoks/,21,1345,1.56%,7.69
https://dobro-med.od.ua/uk/blog/alkogolnaya-polineyropatiya-simptomy-lechenie/,17,1984,0.86%,7.52
https://dobro-med.od.ua/uk/blog/rasstroystva-adaptacii/,16,2400,0.67%,6.78
https://dobro-med.od.ua/blog/alkogolnaya-kardiomiopatiya/,16,1879,0.85%,6.99
https://dobro-med.od.ua/uk/blog/alkogolnaya-amneziya-provaly-pamyati/,15,610,2.46%,6.77
https://dobro-med.od.ua/blog/samyy-effektivnyy-preparat-ot-pohmelya/,14,3002,0.47%,7.24
https://dobro-med.od.ua/blog/cherez-skolko-mozhno-pit-alkogol-posle-antibiotikov/,14,1747,0.8%,8.8
https://dobro-med.od.ua/medicinskiy-centr-lanzeron/,14,181,7.73%,20.51
https://dobro-med.od.ua/kodirovka-ot-alkogolya/,13,1325,0.98%,16.16
https://dobro-med.od.ua/uk/,12,325,3.69%,31.72
https://dobro-med.od.ua/kodirovka-ot-kureniya/,12,177,6.78%,11.66
https://dobro-med.od.ua/blog/aritmiya-posle-alkogolya-sindrom-prazdnichnogo-serdca/,10,715,1.4%,7.15
https://dobro-med.od.ua/blog/nitazeny-novaya-ugroza-opisaniye/,10,276,3.62%,6.85
https://dobro-med.od.ua/medicinskiy-centr-tairova/,9,738,1.22%,52.18
https://dobro-med.od.ua/blog/skolko-dney-vyvoditsya-toksiny-posle-alkogolya/,9,699,1.29%,7.48
https://dobro-med.od.ua/blog/pregabalin-lirika-zavisimost-detoks/,9,609,1.48%,8.97
https://dobro-med.od.ua/palliativnaya-pomoshch/,9,416,2.16%,10.11
https://dobro-med.od.ua/blog/vyvod-is-zapoya-na-domy-v-odesse/,8,1295,0.62%,21.26
https://dobro-med.od.ua/blog/skolko-dlitsya-lomka-k-alkogolyu/,8,753,1.06%,6.81
https://dobro-med.od.ua/uk/blog/soli-v-veype-narkotik-ili-himiya-odnorazki/,8,250,3.2%,9.11
https://dobro-med.od.ua/uk/blog/aritmiya-posle-alkogolya-sindrom-prazdnichnogo-serdca/,8,234,3.42%,5.99
https://dobro-med.od.ua/blog/analizy-odessa-bystro-anonimno-bez-ocheredey/,7,1299,0.54%,42.78
https://dobro-med.od.ua/uk/blog/skolko-dney-vyvoditsya-toksiny-posle-alkogolya/,7,694,1.01%,7.26
https://dobro-med.od.ua/picshevoe-otravlenie/,7,83,8.43%,6.37
https://dobro-med.od.ua/blog/kodirovka-ot-alkogolizma-mify-i-pravda/,6,271,2.21%,13.9
https://dobro-med.od.ua/blog/chto-otbivaet-zhelanie-pit-alkogol/,5,1096,0.46%,4.26
https://dobro-med.od.ua/analisy-doma/,5,808,0.62%,45.27
https://dobro-med.od.ua/price/,5,736,0.68%,57.24
https://dobro-med.od.ua/blog/alkogolnaya-amneziya-provaly-pamyati/,5,488,1.02%,8.22
https://dobro-med.od.ua/blog/palliativnaya-pomoshch-v-odesse-kogda-i-komu-nuzhna/,5,260,1.92%,9.31
https://dobro-med.od.ua/about/,5,33,15.15%,10.12
https://dobro-med.od.ua/uk/blog/cratom-scrytaya-ygroza-sovremennosti/,4,1760,0.23%,8.49
https://dobro-med.od.ua/blog/rasstroystva-adaptacii/,4,482,0.83%,9.75
https://dobro-med.od.ua/blog/vred-alkogolizma-dlya-zhenskogo-organizma/,4,310,1.29%,8.71
https://dobro-med.od.ua/blog/depresiya-posle-kokaina-i-mefedrona-kak-vosstanovit-uroven-serotonina-bez-tabletok/,4,153,2.61%,6.45
https://dobro-med.od.ua/konsultaciya-psihologa/,4,141,2.84%,14.63
https://dobro-med.od.ua/uk/blog/sindrom-otmeny-soley-mefedrona/,4,131,3.05%,48.95
https://dobro-med.od.ua/contacts/,4,101,3.96%,11.27
https://dobro-med.od.ua/blog/zavisimost-ot-snotvornyh-i-trankvilizatorov/,3,519,0.58%,6.77
https://dobro-med.od.ua/uk/blog/chto-takoe-zapoy-i-kak-iz-nego-vyyti/,3,444,0.68%,35.93
https://dobro-med.od.ua/uk/blog/alkogolnyy-deliriy-belaya-goryachka/,3,343,0.87%,10.04
https://dobro-med.od.ua/blog/sindrom-otlozhennoy-zhizni-vo-vremya-voiny/,3,324,0.93%,10.41
https://dobro-med.od.ua/uk/blog/kodirovatsya-pri-psoriaze/,3,233,1.29%,6.39
https://dobro-med.od.ua/blog/vliyanie-alkogolya-i-stimulyatorov-na-mochepolovuyu-sistemu/,3,133,2.26%,6.38
https://dobro-med.od.ua/blog/sindrom-otmeny-soley-mefedrona/,3,115,2.61%,7.77
https://dobro-med.od.ua/uk/blog/ptsr-alkogolizm-pochemu-pyut-posle-travmy/,3,50,6%,11.9
https://dobro-med.od.ua/uk/medicinskiy-centr-tairova/,3,32,9.38%,12.44
https://dobro-med.od.ua/uk/shizofreniya/,3,16,18.75%,7.5
https://dobro-med.od.ua/blog/chto-vyvodit-alkogol-iz-organizma/,2,1034,0.19%,7.03
https://dobro-med.od.ua/blog/sdat-analizy-na-domu-v-odesse/,2,785,0.25%,30.76
https://dobro-med.od.ua/uk/blog/alkogolnaya-encefalopatiya-simptomy-lechenie/,2,591,0.34%,8.38
https://dobro-med.od.ua/blog/cratom-scrytaya-ygroza-sovremennosti/,2,528,0.38%,11.56
https://dobro-med.od.ua/kodirovka-disulfiram/,2,316,0.63%,6.19
https://dobro-med.od.ua/blog/alkogolnyy-pankreatit-simptomy-lechenie/,2,311,0.64%,9.4
https://dobro-med.od.ua/blog/kak-narkotiki-vliyayut-na-mozg/,2,245,0.82%,9.29
https://dobro-med.od.ua/blog/panicheskie-ataki-s-pohmelya-strah-smerti/,2,207,0.97%,9.37
https://dobro-med.od.ua/blog/cratom-opasnaya-illyuziya-legalnogo-narkotika/,2,201,1%,10.26
https://dobro-med.od.ua/blog/alkogolnaya-encefalopatiya-simptomy-lechenie/,2,185,1.08%,12.39
https://dobro-med.od.ua/blog/kodirovka-ot-alkogolya-ukolom/,2,184,1.09%,19.3
https://dobro-med.od.ua/blog/solevaya-narkomaniya-priznaki-posledstviya/,2,180,1.11%,9.09
https://dobro-med.od.ua/blog/fenazepam-zavisimost-sindrom-otmeny/,2,178,1.12%,10.61
https://dobro-med.od.ua/blog/alkogolnaya-depressiya-pochemu-posle-otkaza-zhizn-kazhetsya-seroy-i-kak-ne-sorvatsya/,2,150,1.33%,7.89
https://dobro-med.od.ua/bulemia/,2,145,1.38%,22.38
https://dobro-med.od.ua/ptsr/,2,121,1.65%,39.23
https://dobro-med.od.ua/uk/blog/zavisimost-ot-solya-alpha-pvp-lechenie-v-stacionare/,2,88,2.27%,23.97
https://dobro-med.od.ua/blog/alkogol-i-antibiotiki-chto-realno-proishodit/,2,85,2.35%,8.4
https://dobro-med.od.ua/uk/blog/cratom-opasnaya-illyuziya-legalnogo-narkotika/,2,85,2.35%,8.61
https://dobro-med.od.ua/uk/blog/kokain-zavisimost-kak-rabotaet-mozg/,2,84,2.38%,17.11
https://dobro-med.od.ua/blog/sindrom-fantomnoy-sireny-i-stress/,2,74,2.7%,5.7
https://dobro-med.od.ua/kodirovka-naltrekson/,2,74,2.7%,19.08
https://dobro-med.od.ua/uk/blog/solevaya-narkomaniya-priznaki-posledstviya/,2,53,3.77%,12.21
https://dobro-med.od.ua/uk/blog/sindrom-razdrazhitelnogo-kishechnika-i-stress/,2,51,3.92%,6.08
https://dobro-med.od.ua/leave-feedback/,2,50,4%,17.68
https://dobro-med.od.ua/blog/zavisimost-ot-soley-i-paranoiya/,2,41,4.88%,7.54
https://dobro-med.od.ua/uk/kodirovka-ot-kureniya/,2,29,6.9%,8.14
https://dobro-med.od.ua/blog/priznaki-kokainovoy-zavisimosti-u-blizkogo/,2,28,7.14%,10.5
https://dobro-med.od.ua/uk/about/,2,24,8.33%,8.04
https://dobro-med.od.ua/uk/palliativnaya-pomoshch/,2,7,28.57%,21.43
https://dobro-med.od.ua/uk/blog/molodezhnaya-narkomaniya-2026/,2,4,50%,9
https://dobro-med.od.ua/blog/alkogol-i-lekarstva-opasnye-sochetaniya/,1,1867,0.05%,4.2
https://dobro-med.od.ua/uk/blog/kakoy-preparat-snimaet-alkogolnuyu-intoksikaciyu/,1,1098,0.09%,4.14
https://dobro-med.od.ua/medicinskiy-centr-arkadia/,1,921,0.11%,81.27
https://dobro-med.od.ua/uk/vysov-narkologa-na-dom/,1,595,0.17%,42.08
https://dobro-med.od.ua/narkologicheskaya-klinika-odessa/,1,448,0.22%,55.48
https://dobro-med.od.ua/uk/vyvod-iz-zapoya-na-domu/,1,357,0.28%,60.67
https://dobro-med.od.ua/blog/bar-simptomy-lechenie/,1,297,0.34%,11.55
https://dobro-med.od.ua/uk/detoksikaciya-ot-narkotikov/,1,295,0.34%,53.77
https://dobro-med.od.ua/blog/okr-simptomy-lechenie/,1,272,0.37%,26.45
https://dobro-med.od.ua/uk/blog/chto-vyvodit-alkogol-iz-organizma/,1,270,0.37%,8.71
https://dobro-med.od.ua/blog/chto-takoe-zapoy-i-kak-iz-nego-vyyti/,1,262,0.38%,28.76
https://dobro-med.od.ua/konsultaciya-psihiatra/,1,261,0.38%,32.97
https://dobro-med.od.ua/blog/kakoy-preparat-snimaet-alkogolnuyu-intoksikaciyu/,1,244,0.41%,15.52
https://dobro-med.od.ua/blog/alkogolnyy-deliriy-belaya-goryachka/,1,236,0.42%,21.83
https://dobro-med.od.ua/blog/vyvod-iz-zapoya-24-7-chto-delat-esli-kapelnitsa-doma-ne-pomogaet/,1,190,0.53%,31.64
https://dobro-med.od.ua/detoksikaciya-ot-narkotikov/,1,167,0.6%,51.19
https://dobro-med.od.ua/lecenye-ot-metadona/,1,159,0.63%,28.95
https://dobro-med.od.ua/blog/sindrom-razdrazhitelnogo-kishechnika-i-stress/,1,155,0.65%,8.39
https://dobro-med.od.ua/uk/blog/kak-narkotiki-vliyayut-na-mozg/,1,139,0.72%,17.75
https://dobro-med.od.ua/blog/chastnaya-narkologicheskaya-klinika-vs-gosudarstvennyy-dispanser/,1,117,0.85%,9.85
https://dobro-med.od.ua/uk/blog/alkogolnaya-depressiya-pochemu-posle-otkaza-zhizn-kazhetsya-seroy-i-kak-ne-sorvatsya/,1,90,1.11%,8.1
https://dobro-med.od.ua/blog/kokain-zavisimost-kak-rabotaet-mozg/,1,85,1.18%,8.09
https://dobro-med.od.ua/kodirovanie-torpedo/,1,79,1.27%,29.77
https://dobro-med.od.ua/obsesivno-kompulsivnoe-rasstroystvo/,1,69,1.45%,11.49
https://dobro-med.od.ua/uk/blog/mify-o-legkih-narkotikah/,1,65,1.54%,11.42
https://dobro-med.od.ua/uk/contacts/,1,62,1.61%,8.13
https://dobro-med.od.ua/uk/lecenye-ot-metadona/,1,62,1.61%,28.13
https://dobro-med.od.ua/blog/mefedronovaya-zavisimost-marafony-reabilitaciya/,1,59,1.69%,10.03
https://dobro-med.od.ua/generalizovannoe-trevozhnoe-rasstroystvo/,1,53,1.89%,19.47
https://dobro-med.od.ua/blog/aptechnaya-narkomanya-sniffing-podrostki/,1,51,1.96%,11.47
https://dobro-med.od.ua/blog/zavisimost-ot-solya-alpha-pvp-lechenie-v-stacionare/,1,41,2.44%,24
https://dobro-med.od.ua/blog/snyatie-alkogolnoy-intoksikacii-odessa/,1,31,3.23%,33.32
https://dobro-med.od.ua/uk/blog/chto-otbivaet-zhelanie-pit-alkogol/,1,30,3.33%,7.9
https://dobro-med.od.ua/uk/blog/vosstanovlenie-organizma-posle-zapoya/,1,30,3.33%,24.3
https://dobro-med.od.ua/detoksikaciya-ot-soli/,1,25,4%,16.64
https://dobro-med.od.ua/sindrom-razdrazhitelnogo-kishechnika/,1,25,4%,28.44
https://dobro-med.od.ua/blog/molodezhnaya-narkomaniya-2026/,1,24,4.17%,7.54
https://dobro-med.od.ua/test-na-zavisimost/,1,15,6.67%,11.73
https://dobro-med.od.ua/uk/kodirovka-disulfiram/,1,10,10%,10.4
https://dobro-med.od.ua/uk/ptsr/,1,7,14.29%,20.71
https://dobro-med.od.ua/uk/blog/panicheskie-ataki-s-pohmelya-strah-smerti/,1,6,16.67%,6.5
https://dobro-med.od.ua/blog/profilaktika-sryva/,1,6,16.67%,7.5
https://dobro-med.od.ua/blog/ptsr-i-zavisimost-kak-travma-privodit-k-alkogolizmu/,1,3,33.33%,3.67
https://dobro-med.od.ua/uk/blog/vina-vyzhivshego-kak-spravitsya/,1,2,50%,9
https://dobro-med.od.ua/uk/blog/alkogol-i-antibiotiki-chto-realno-proishodit/,1,1,100%,1
https://dobro-med.od.ua/uk/blog/kak-brosit-pit-posle-50-let/,1,1,100%,8
https://dobro-med.od.ua/uk/blog/sdat-analizy-na-domu-v-odesse/,0,2299,0%,32.36
https://dobro-med.od.ua/uk/analisy-doma/,0,1778,0%,57.55
https://dobro-med.od.ua/vyvod-iz-zapoya-na-domu/,0,1656,0%,47.96
https://dobro-med.od.ua/vysov-narkologa-na-dom/,0,1418,0%,58.64
https://dobro-med.od.ua/blog/alkogolnaya-zavisimost-stadii-simptomy-lechenie/,0,642,0%,20.25
https://dobro-med.od.ua/uk/blog/vred-alkogolya-dlya-pecheni/,0,525,0%,8.25
https://dobro-med.od.ua/uk/kodirovka-ot-alkogolya/,0,353,0%,60.59
https://dobro-med.od.ua/detoksikaciya-ot-alkogolisma/,0,348,0%,53.6
https://dobro-med.od.ua/anonimnoe-lechenie-alkogolizma-odessa/,0,316,0%,51.97
https://dobro-med.od.ua/uk/blog/vyvod-iz-zapoya-na-domu-samostoyatelno/,0,274,0%,49.91
https://dobro-med.od.ua/uk/lecenye-ot-alkogolisma/,0,269,0%,65.94
https://dobro-med.od.ua/blog/vina-vyzhivshego-kak-spravitsya/,0,258,0%,9.87
https://dobro-med.od.ua/blog/narushenie-sna/,0,226,0%,32.38
https://dobro-med.od.ua/blog/reabilitatsiya-narkomanov/,0,200,0%,35.28
https://dobro-med.od.ua/kodirovka-ukolom/,0,181,0%,19.53
https://dobro-med.od.ua/kodirovanie-dovzhenko/,0,179,0%,34.34
https://dobro-med.od.ua/uk/blog/narushenie-sna/,0,174,0%,42.96
https://dobro-med.od.ua/vyvod-iz-zapoya-v-stacionare/,0,167,0%,74.81
https://dobro-med.od.ua/blog/snyatie-lomki-ot-narkotikov/,0,158,0%,29.77
https://dobro-med.od.ua/blog/zavisimost-ot-amfetamina-simptomy-lechenie/,0,148,0%,36.3
https://dobro-med.od.ua/blog/shizofreniya/,0,148,0%,38.31
https://dobro-med.od.ua/uk/price/,0,139,0%,46.31
https://dobro-med.od.ua/lecenye-ot-alkogolisma/,0,135,0%,64.39
https://dobro-med.od.ua/snyatie-lomki/,0,133,0%,25.19
https://dobro-med.od.ua/blog/mify-o-legkih-narkotikah/,0,129,0%,8.42
https://dobro-med.od.ua/blog/sozavisimost-lovushka-dlya-blizkih/,0,124,0%,40.6
https://dobro-med.od.ua/uk/detoksikaciya-ot-alkogolisma/,0,117,0%,59.02
https://dobro-med.od.ua/uk/blog/reabilitatsiya-narkomanov/,0,113,0%,38.03
https://dobro-med.od.ua/blog/pivnoy-alkogolizm-simptomy-lechenie/,0,113,0%,41.56
https://dobro-med.od.ua/allergy-lechenie/,0,106,0%,15.81
https://dobro-med.od.ua/blog/narkotiki-voyna-zavisimost-veteranov/,0,105,0%,6.3
https://dobro-med.od.ua/lechenie-alkogolizma-v-stacionare/,0,105,0%,57.84
https://dobro-med.od.ua/kodirovanie-dvojnoj-blok/,0,104,0%,26.04
https://dobro-med.od.ua/blog/kodirovka-ot-kureniya-metody-effektivnost/,0,101,0%,27.12
https://dobro-med.od.ua/uk/bulemia/,0,99,0%,22.88
https://dobro-med.od.ua/snyatie-lomki-ot-kratoma/,0,97,0%,11.65
https://dobro-med.od.ua/uk/blog/mefedronovaya-zavisimost-marafony-reabilitaciya/,0,96,0%,23.93
https://dobro-med.od.ua/blog/kodirovatsya-pri-psoriaze/,0,95,0%,8.58
https://dobro-med.od.ua/blog/samoe-effektivnoe-lechenie-ot-alkogolizma/,0,95,0%,33.47
https://dobro-med.od.ua/fantomnye-boli/,0,85,0%,21.61
https://dobro-med.od.ua/blog/sryv-posle-lecheniya-narkomanii/,0,81,0%,23.01
https://dobro-med.od.ua/konsultaciya-urologa/,0,77,0%,32.48
https://dobro-med.od.ua/blog/kapelnitsa-na-domu-odessa-risk/,0,73,0%,9.99
https://dobro-med.od.ua/blog/v-kakom-sluchae-kladyut-v-narkologiyu/,0,73,0%,11.03
https://dobro-med.od.ua/blog/gtr-trevozhnost-simptomy-lechenie-odessa/,0,72,0%,14.07
https://dobro-med.od.ua/blog/vred-alkogolya-dlya-pecheni/,0,71,0%,16.49
https://dobro-med.od.ua/uk/blog/depresiya-posle-kokaina-i-mefedrona-kak-vosstanovit-uroven-serotonina-bez-tabletok/,0,61,0%,17.03
https://dobro-med.od.ua/shizofreniya/,0,61,0%,26.18
https://dobro-med.od.ua/uk/blog/zavisimost-ot-amfetamina-simptomy-lechenie/,0,60,0%,16.15
https://dobro-med.od.ua/uk/lecenye-ot-amfetamina/,0,57,0%,71.04
https://dobro-med.od.ua/podshivka-ot-alkogolisma/,0,56,0%,27.91
https://dobro-med.od.ua/kodirovka-na-domy/,0,56,0%,52.05
https://dobro-med.od.ua/blog/alkogol-depressiya-zamknutyy-krug/,0,53,0%,14.11
https://dobro-med.od.ua/test-na-depressiyu/,0,52,0%,10.83
https://dobro-med.od.ua/uk/blog/motivaciya-na-lechenie-kak-ugovorit-alkogolika-ili-narkomana-lech-v-kliniku-bez-nasiliya/,0,52,0%,33.02
https://dobro-med.od.ua/blog/ptsr-alkogolizm-pochemu-pyut-posle-travmy/,0,51,0%,6.8
https://dobro-med.od.ua/blog/vygoranie-vo-vremya-voiny/,0,51,0%,7.86
https://dobro-med.od.ua/uk/blog/zavisimost-ot-geroina-lechenie-posledstviya/,0,50,0%,16.4
https://dobro-med.od.ua/uk/blog/analizy-odessa-bystro-anonimno-bez-ocheredey/,0,43,0%,50.21
https://dobro-med.od.ua/blog/sozavisimost-v-seme-kak-perestat-spasat-alkogolika/,0,40,0%,18.35
https://dobro-med.od.ua/lecenye-ot-amfetamina/,0,38,0%,24.92
https://dobro-med.od.ua/blog/zavisimost-ot-geroina-lechenie-posledstviya/,0,37,0%,12.27
https://dobro-med.od.ua/uk/narkologicheskaya-klinika-odessa/,0,37,0%,39.14
https://dobro-med.od.ua/uk/blog/kodirovka-ot-kureniya-metody-effektivnost/,0,36,0%,9.17
https://dobro-med.od.ua/uk/snyatie-lomki-ot-kratoma/,0,36,0%,12.22
https://dobro-med.od.ua/lechenie-covid/,0,36,0%,34.64
https://dobro-med.od.ua/uk/blog/bar-simptomy-lechenie/,0,35,0%,6.54
https://dobro-med.od.ua/lecenye-narkomaniy/,0,35,0%,68.23
https://dobro-med.od.ua/uk/blog/vred-alkogolizma-dlya-zhenskogo-organizma/,0,32,0%,7.72
https://dobro-med.od.ua/blog/vyvod-iz-zapoya-na-domu-samostoyatelno/,0,32,0%,61.84
https://dobro-med.od.ua/uk/blog/kodirovka-ot-alkogolya-ukolom/,0,31,0%,13.48
https://dobro-med.od.ua/blog/bytovoy-alkogolizm-simptomy-lechenie/,0,31,0%,26.23
https://dobro-med.od.ua/blog/sryv-recidiv-chast-lecheniya/,0,29,0%,10.03
https://dobro-med.od.ua/uk/blog/stacionarnoe-lechenie-alkogolizma-etapy-sroki-rezultat/,0,29,0%,12.45
https://dobro-med.od.ua/blog/vosstanovlenie-organizma-posle-zapoya/,0,29,0%,27.66
https://dobro-med.od.ua/uk/blog/alkogolnyy-pankreatit-simptomy-lechenie/,0,28,0%,8.04
https://dobro-med.od.ua/blog/anosognoziya-pri-alkogolizme-otricanie/,0,27,0%,8.81
https://dobro-med.od.ua/uk/vyvod-iz-zapoya-v-stacionare/,0,26,0%,17.27
https://dobro-med.od.ua/uk/kodirovanie-dovzhenko/,0,26,0%,23.31
https://dobro-med.od.ua/uk/kodirovka-ukolom/,0,24,0%,22.62
https://dobro-med.od.ua/blog/skrytiy-alkogolizm-priznaki-i-lechenie/,0,23,0%,11.43
https://dobro-med.od.ua/uk/blog/zavisimost-ot-snotvornyh-i-trankvilizatorov/,0,22,0%,5.18
https://dobro-med.od.ua/blog/kak-brosit-pit-posle-50-let/,0,22,0%,5.45
https://dobro-med.od.ua/uk/lechenie-covid/,0,22,0%,17.82
https://dobro-med.od.ua/blog/kak-ponyat-chto-podrostok-upotreblyaet-narkotiki/,0,21,0%,14.95
https://dobro-med.od.ua/uk/blog/alkogol-i-narkomaniya-v-sovremennom-obshchestve/,0,21,0%,18.95
https://dobro-med.od.ua/blog/sezonnaya-allergiya-kak-spravitsya-s-vesennim-nasmorkom/,0,21,0%,19.57
https://dobro-med.od.ua/lecenye-ot-heroina/,0,20,0%,42.55
https://dobro-med.od.ua/uk/blog/generalizovannoe-trevozhnoe-rasstroystvo-gtr-lechenie/,0,20,0%,49.6
https://dobro-med.od.ua/uk/blog/kak-govorit-s-blizkim-ob-alkogolizme-instrukciya-dlya-semi/,0,18,0%,7.06
https://dobro-med.od.ua/bipolyarnoe-affektivnoe-rasstroystvo/,0,18,0%,33.83
https://dobro-med.od.ua/blog/ludomaniya-treyding-zavisimost-stavki-lechenie/,0,17,0%,16.06
https://dobro-med.od.ua/uk/blog/alkogol-depressiya-zamknutyy-krug/,0,17,0%,36.59
https://dobro-med.od.ua/blog/generalizovannoe-trevozhnoe-rasstroystvo-gtr-lechenie/,0,16,0%,8.56
https://dobro-med.od.ua/blog/kodirovanie-ot-alkogolizma-sravnenie-metodov/,0,16,0%,14.44
https://dobro-med.od.ua/uk/kodirovka-naltrekson/,0,16,0%,30.31
https://dobro-med.od.ua/blog/emocionalnoe-vygoranie-u-roditeley-vo-vremya-voiny/,0,15,0%,6.6
https://dobro-med.od.ua/uk/blog/alkogol-i-lekarstva-opasnye-sochetaniya/,0,15,0%,8.07
https://dobro-med.od.ua/blog/zavisimost-i-odinochestvo/,0,15,0%,13.07
https://dobro-med.od.ua/podshivka-esperal/,0,15,0%,13.33
https://dobro-med.od.ua/uk/blog/chto-takoe-prihod-ot-narkotikov/,0,14,0%,6.07
https://dobro-med.od.ua/blog/motivaciya-na-lechenie-kak-ugovorit-alkogolika-ili-narkomana-lech-v-kliniku-bez-nasiliya/,0,14,0%,34.21
https://dobro-med.od.ua/uk/blog/sozavisimost-lovushka-dlya-blizkih/,0,13,0%,46.77
https://dobro-med.od.ua/uk/blog/priznaki-kokainovoy-zavisimosti-u-blizkogo/,0,12,0%,7.75
https://dobro-med.od.ua/uk/blog/alkogol-i-davlenie-kogda-nuzhen-vrach/,0,12,0%,8.5
https://dobro-med.od.ua/blog/travma-pokoleniya-voina-i-zavisimosti/,0,11,0%,15
https://dobro-med.od.ua/uk/blog/zavisimost-ot-soley-i-paranoiya/,0,10,0%,3.5
https://dobro-med.od.ua/terms/,0,10,0%,4.9
https://dobro-med.od.ua/uk/blog/telegram-boty-zakladki-narkotiki-podrostki/,0,10,0%,6.3
https://dobro-med.od.ua/uk/blog/ludomaniya-treyding-zavisimost-stavki-lechenie/,0,10,0%,18.1
https://dobro-med.od.ua/uk/blog/kodirovanie-ot-alkogolizma-sravnenie-metodov/,0,9,0%,12.33
https://dobro-med.od.ua/blog/zhizn-s-narkozavisimym-kak-ustanovit-zhestkie-granicy/,0,9,0%,15.89
https://dobro-med.od.ua/uk/blog/gtr-trevozhnost-simptomy-lechenie-odessa/,0,9,0%,16
https://dobro-med.od.ua/blog/stacionarnoe-lechenie-alkogolizma-etapy-sroki-rezultat/,0,9,0%,52.44
https://dobro-med.od.ua/blog/chto-takoe-prihod-ot-narkotikov/,0,8,0%,3.38
https://dobro-med.od.ua/uk/leave-feedback/,0,8,0%,8.12
https://dobro-med.od.ua/uk/test-na-zavisimost/,0,8,0%,18.88
https://dobro-med.od.ua/uk/blog/kodirovka-ot-alkogolizma-mify-i-pravda/,0,8,0%,36.12
https://dobro-med.od.ua/uk/blog/fenazepam-zavisimost-sindrom-otmeny/,0,7,0%,4.71
https://dobro-med.od.ua/uk/blog/narkotiki-voyna-zavisimost-veteranov/,0,7,0%,8.57
https://dobro-med.od.ua/uk/blog/sindrom-fantomnoy-sireny-i-stress/,0,7,0%,9.86
https://dobro-med.od.ua/blog/alkogol-i-narkomaniya-v-sovremennom-obshchestve/,0,7,0%,14.29
https://dobro-med.od.ua/ambulatornoe-lechenie/,0,7,0%,19.43
https://dobro-med.od.ua/reabilitaciya-ot-narkotikov/,0,7,0%,53.86
https://dobro-med.od.ua/uk/medicinskiy-centr-arkadia/,0,6,0%,5.33
https://dobro-med.od.ua/uk/blog/cherez-skolko-mozhno-pit-alkogol-posle-antibiotikov/,0,6,0%,6.33
https://dobro-med.od.ua/uk/blog/sinteticheskaya-abstinenciya-lomka-ot-pav-lechenie/,0,6,0%,9.17
https://dobro-med.od.ua/uk/blog/kak-ponyat-chto-podrostok-upotreblyaet-narkotiki/,0,6,0%,18
https://dobro-med.od.ua/uk/blog/anosognoziya-pri-alkogolizme-otricanie/,0,6,0%,27.83
https://dobro-med.od.ua/konsultaciya-terapevta/,0,6,0%,52.5
https://dobro-med.od.ua/uk/blog/v-kakom-sluchae-kladyut-v-narkologiyu/,0,5,0%,3.4
https://dobro-med.od.ua/uk/fantomnye-boli/,0,5,0%,9.6
https://dobro-med.od.ua/uk/blog/snyatie-lomki-ot-narkotikov/,0,5,0%,38
https://dobro-med.od.ua/uk/anonimnoe-lechenie-alkogolizma-odessa/,0,5,0%,62
https://dobro-med.od.ua/uk/blog/nitazeny-novaya-ugroza-opisaniye/,0,4,0%,2
https://dobro-med.od.ua/uk/blog/kodirovanie-ot-alkogolizma-i-saharnyy-diabet/,0,4,0%,2.25
https://dobro-med.od.ua/uk/blog/skrytiy-alkogolizm-priznaki-i-lechenie/,0,4,0%,5.25
https://dobro-med.od.ua/uk/blog/noviy-virus-2026/,0,4,0%,5.5
https://dobro-med.od.ua/blog/sinteticheskaya-abstinenciya-lomka-ot-pav-lechenie/,0,4,0%,6.5
https://dobro-med.od.ua/blog/cifrovaya-zavisimost-vo-vremya-voiny/,0,4,0%,7
https://dobro-med.od.ua/privacy-policy/,0,4,0%,7
https://dobro-med.od.ua/blog/bokal-dlya-zdorovya-ili-samoobman/,0,4,0%,8.25
https://dobro-med.od.ua/uk/blog/aptechnaya-narkomanya-sniffing-podrostki/,0,4,0%,8.75
https://dobro-med.od.ua/lechenie-kokainovoy-zavisimosti/,0,4,0%,16.75
https://dobro-med.od.ua/uk/blog/reabilitaciya-posle-zavisimosti-kak-ne-sorvatsya/,0,4,0%,19.25
https://dobro-med.od.ua/blog/vyvod-iz-zapoya-kodirovka-reabilitaciya/,0,4,0%,27.25
https://dobro-med.od.ua/uk/blog/kapelnitsa-na-domu-odessa-risk/,0,4,0%,32.75
https://dobro-med.od.ua/uk/blog/vyvod-iz-zapoya-kodirovka-reabilitaciya/,0,4,0%,40.25
https://dobro-med.od.ua/reabilitaciya-ot-alkogolizma/,0,4,0%,65
https://dobro-med.od.ua/uk/blog/ptsr-i-zavisimost-kak-travma-privodit-k-alkogolizmu/,0,3,0%,2
https://dobro-med.od.ua/blog/narkomaniya-v-odesse-stress-sintetika-i-marshrut-pomoshchi/,0,3,0%,2.67
https://dobro-med.od.ua/uk/blog/okr-simptomy-lechenie/,0,3,0%,8
https://dobro-med.od.ua/uk/blog/bytovoy-alkogolizm-simptomy-lechenie/,0,3,0%,10.67
https://dobro-med.od.ua/blog/koronavirus-2025/,0,3,0%,13.33
https://dobro-med.od.ua/uk/konsultaciya-psihiatra/,0,3,0%,20
https://dobro-med.od.ua/lechenie-narkomanii-v-stacionare/,0,3,0%,29
https://dobro-med.od.ua/blog/,0,3,0%,30.67
https://dobro-med.od.ua/uk/reabilitaciya-ot-alkogolizma/,0,3,0%,76.67
https://dobro-med.od.ua/uk/sindrom-razdrazhitelnogo-kishechnika/,0,2,0%,2
https://dobro-med.od.ua/konsultaciya-kardiologa/,0,2,0%,5.5
https://dobro-med.od.ua/uk/blog/voyna-stress-zavisimosti/,0,2,0%,8.5
https://dobro-med.od.ua/uk/blog/sryv-recidiv-chast-lecheniya/,0,2,0%,10
https://dobro-med.od.ua/blog/kak-govorit-s-blizkim-ob-alkogolizme-instrukciya-dlya-semi/,0,2,0%,11
https://dobro-med.od.ua/uk/obsesivno-kompulsivnoe-rasstroystvo/,0,2,0%,11.5
https://dobro-med.od.ua/uk/blog/snyatie-alkogolnoy-intoksikacii-odessa/,0,2,0%,16
https://dobro-med.od.ua/uk/blog/page/8/,0,2,0%,40.5
https://dobro-med.od.ua/uk/blog/kripto-obval-zapoy-stress-dumki-pro-suicid/,0,2,0%,73
https://dobro-med.od.ua/uk/blog/samoe-effektivnoe-lechenie-ot-alkogolizma/,0,1,0%,1
https://dobro-med.od.ua/uk/blog/sozavisimost-v-seme-kak-perestat-spasat-alkogolika/,0,1,0%,1
https://dobro-med.od.ua/blog/page/2/,0,1,0%,3
https://dobro-med.od.ua/uk/blog/vyvod-iz-zapoya-24-7-chto-delat-esli-kapelnitsa-doma-ne-pomogaet/,0,1,0%,4
https://dobro-med.od.ua/uk/medicinskiy-centr-lanzeron/,0,1,0%,5
https://dobro-med.od.ua/blog/kodirovanie-ot-alkogolizma-i-saharnyy-diabet/,0,1,0%,6
https://dobro-med.od.ua/blog/alkogol-i-davlenie-kogda-nuzhen-vrach/,0,1,0%,10
https://dobro-med.od.ua/blog/page/11/,0,1,0%,10
https://dobro-med.od.ua/uk/blog/cifrovaya-detoksikaciya-svoboda-ot-gadjetov/,0,1,0%,10
https://dobro-med.od.ua/uk/test-na-depressiyu/,0,1,0%,11
https://dobro-med.od.ua/blog/alcohol-i-muzhskoy-organizm/,0,1,0%,12
https://dobro-med.od.ua/uk/kodirovanie-dvojnoj-blok/,0,1,0%,16
https://dobro-med.od.ua/blog/stacionarnoe-lechenie-narkomanii-v-odesse/,0,1,0%,18
https://dobro-med.od.ua/blog/reabilitaciya-posle-zavisimosti-kak-ne-sorvatsya/,0,1,0%,24
https://dobro-med.od.ua/uk/lecenye-narkomaniy/,0,1,0%,34
https://dobro-med.od.ua/blog/vyvod-iz-zapoya-doma-ili-v-stacionare/,0,1,0%,59
https://dobro-med.od.ua/uk/podshivka-ot-alkogolisma/,0,1,0%,65
https://dobro-med.od.ua/uk/kodirovka-na-domy/,0,1,0%,70
https://dobro-med.od.ua/blog/page/4/,0,1,0%,87